Wed Sep 23 12:30:23 UTC 2026 cycle start
Wed Sep 23 12:30:23 UTC 2026 try http://192.168.178.108:5678/webhook/last-rabbit-recognition-frame
Wed Sep 23 12:30:27 UTC 2026 png ihdr 000005a800000430
Wed Sep 23 12:30:27 UTC 2026 dims not 1072x1448, keeping previous image
Wed Sep 23 13:33:36 UTC 2026 cycle start
Wed Sep 23 13:33:36 UTC 2026 try http://192.168.178.108:5678/webhook/last-rabbit-recognition-frame
Wed Sep 23 13:33:39 UTC 2026 png ihdr 000005a800000430
Wed Sep 23 13:33:39 UTC 2026 image changed, calling eips (cksum  -> 2416349417)
update_to_display: update_mode=FULL, wave_mode=2 inverted=0
Wed Sep 23 13:33:43 UTC 2026 eips rc=0
Wed Sep 23 13:38:43 UTC 2026 cycle start
Wed Sep 23 13:38:43 UTC 2026 try http://192.168.178.108:5678/webhook/last-rabbit-recognition-frame
Wed Sep 23 13:38:45 UTC 2026 png ihdr 000005a800000430
Wed Sep 23 13:38:45 UTC 2026 image unchanged (cksum 2416349417), skipping eips
Wed Sep 23 13:51:17 UTC 2026 cycle start
Wed Sep 23 13:51:17 UTC 2026 try http://192.168.178.108:5678/webhook/last-rabbit-recognition-frame
Wed Sep 23 13:51:20 UTC 2026 png ihdr 00000430000005a8
Wed Sep 23 13:51:20 UTC 2026 image changed, calling eips (cksum  -> 2026987392)
update_to_display: update_mode=FULL, wave_mode=2 inverted=0
Wed Sep 23 13:51:23 UTC 2026 eips rc=0
Wed Sep 23 13:53:19 UTC 2026 cycle start
Wed Sep 23 13:53:19 UTC 2026 try http://192.168.178.108:5678/webhook/last-rabbit-recognition-frame
Wed Sep 23 13:53:22 UTC 2026 png ihdr 00000430000005a8
Wed Sep 23 13:53:22 UTC 2026 image changed, calling eips (cksum  -> 2026987392)
update_to_display: update_mode=FULL, wave_mode=2 inverted=0
Wed Sep 23 13:53:25 UTC 2026 eips rc=0
Wed Sep 23 14:27:52 UTC 2026 cycle start
Wed Sep 23 14:27:52 UTC 2026 try http://192.168.178.108:5678/webhook/last-rabbit-recognition-frame
Wed Sep 23 14:27:55 UTC 2026 png ihdr 00000430000005a8
Wed Sep 23 14:27:56 UTC 2026 image changed, calling eips (cksum  -> 3476377947)
update_to_display: update_mode=FULL, wave_mode=2 inverted=0
Wed Sep 23 14:27:59 UTC 2026 eips rc=0
Wed Sep 23 14:37:59 UTC 2026 cycle start
Wed Sep 23 14:37:59 UTC 2026 try http://192.168.178.108:5678/webhook/last-rabbit-recognition-frame
Wed Sep 23 14:38:01 UTC 2026 png ihdr 00000430000005a8
Wed Sep 23 14:38:01 UTC 2026 image unchanged (cksum 3476377947), skipping eips
Wed Sep 23 19:11:02 UTC 2026 cycle start
Wed Sep 23 19:11:02 UTC 2026 try http://192.168.178.108:5678/webhook/last-rabbit-recognition-frame
wget: can't connect to remote host (192.168.178.108): Network is unreachable
Wed Sep 23 19:11:02 UTC 2026 all downloads failed
Wed Sep 23 19:12:25 UTC 2026 boot: restored fallback
Wed Sep 23 19:12:25 UTC 2026 boot render
update_to_display: update_mode=FULL, wave_mode=2 inverted=0
Wed Sep 23 19:12:31 UTC 2026 v2 start pid=5672
update_to_display: update_mode=PARTIAL, wave_mode=2 inverted=0
update_to_display: update_mode=PARTIAL, wave_mode=2 inverted=0
update_to_display: update_mode=PARTIAL, wave_mode=2 inverted=0
update_to_display: update_mode=PARTIAL, wave_mode=2 inverted=0
update_to_display: update_mode=PARTIAL, wave_mode=2 inverted=0
update_to_display: update_mode=PARTIAL, wave_mode=2 inverted=0
update_to_display: update_mode=PARTIAL, wave_mode=2 inverted=0
update_to_display: update_mode=PARTIAL, wave_mode=2 inverted=0
update_to_display: update_mode=PARTIAL, wave_mode=2 inverted=0
update_to_display: update_mode=PARTIAL, wave_mode=2 inverted=0
update_to_display: update_mode=PARTIAL, wave_mode=2 inverted=0
Wed Sep 23 19:32:43 UTC 2026 dl http://192.168.178.108:5678/webhook/last-rabbit-recognition-frame
Wed Sep 23 19:32:46 UTC 2026 new image (59245889 -> 1144207536) full render
update_to_display: update_mode=FULL, wave_mode=2 inverted=0
Wed Sep 23 19:32:47 UTC 2026 render rc=0
update_to_display: update_mode=PARTIAL, wave_mode=2 inverted=0
update_to_display: update_mode=PARTIAL, wave_mode=2 inverted=0
update_to_display: update_mode=PARTIAL, wave_mode=2 inverted=0
update_to_display: update_mode=PARTIAL, wave_mode=2 inverted=0
retrying.. 0xffffffff
retrying.. 0xffffffff
retrying.. 0xffffffff
retrying.. 0xffffffff
retrying.. 0xffffffff
update_to_display: update_mode=PARTIAL, wave_mode=2 inverted=0
Wed Sep 23 19:45:50 UTC 2026 boot: restored fallback
Wed Sep 23 19:45:50 UTC 2026 boot render
update_to_display: update_mode=FULL, wave_mode=2 inverted=0
Wed Sep 23 19:45:53 UTC 2026 v2 start pid=5740
update_to_display: update_mode=PARTIAL, wave_mode=2 inverted=0
Wed Sep 23 19:50:58 UTC 2026 boot: restored fallback
Wed Sep 23 19:50:58 UTC 2026 boot render
update_to_display: update_mode=FULL, wave_mode=2 inverted=0
Wed Sep 23 19:51:02 UTC 2026 v2 start pid=5691
update_to_display: update_mode=PARTIAL, wave_mode=2 inverted=0
update_to_display: update_mode=PARTIAL, wave_mode=2 inverted=0
update_to_display: update_mode=PARTIAL, wave_mode=2 inverted=0
update_to_display: update_mode=PARTIAL, wave_mode=2 inverted=0
update_to_display: update_mode=PARTIAL, wave_mode=2 inverted=0
update_to_display: update_mode=PARTIAL, wave_mode=2 inverted=0
update_to_display: update_mode=PARTIAL, wave_mode=2 inverted=0
update_to_display: update_mode=PARTIAL, wave_mode=2 inverted=0
update_to_display: update_mode=PARTIAL, wave_mode=2 inverted=0
update_to_display: update_mode=PARTIAL, wave_mode=2 inverted=0
Wed Sep 23 19:55:56 UTC 2026 dl http://192.168.178.108:5678/webhook/last-rabbit-recognition-frame
Wed Sep 23 19:56:00 UTC 2026 new image ( -> 1144207536) full render
update_to_display: update_mode=FULL, wave_mode=2 inverted=0
Wed Sep 23 19:56:01 UTC 2026 render rc=0
update_to_display: update_mode=PARTIAL, wave_mode=2 inverted=0
retrying.. 0xffffffff
retrying.. 0xffffffff
retrying.. 0xffffffff
retrying.. 0xffffffff
retrying.. 0xffffffff
update_to_display: update_mode=PARTIAL, wave_mode=2 inverted=0
Wed Sep 23 21:17:14 UTC 2026 dl http://192.168.178.108:5678/webhook/last-rabbit-recognition-frame
Wed Sep 23 21:17:14 UTC 2026 dl failed
Wed Sep 23 21:18:43 UTC 2026 v4 start pid=5689
Wed Sep 23 21:18:43 UTC 2026 boot: restored cache
Wed Sep 23 21:18:44 UTC 2026 boot render
render: ioctl FBIOGET_VSCREENINFO: invalid argument
Wed Sep 23 21:18:48 UTC 2026 boot render rc=1
render: ioctl FBIOGET_VSCREENINFO: invalid argument
render: ioctl FBIOGET_VSCREENINFO: invalid argument
Wed Sep 23 21:53:56 UTC 2026 staged dash size 6291616
Wed Sep 23 21:53:56 UTC 2026 v4 start pid=5674
Wed Sep 23 21:53:56 UTC 2026 boot: restored cache
Wed Sep 23 21:53:56 UTC 2026 boot render
Wed Sep 23 21:54:00 UTC 2026 boot render rc=0
Wed Sep 23 22:14:24 UTC 2026 staged dash size 6291616
Wed Sep 23 22:14:24 UTC 2026 v4 start pid=5671
Wed Sep 23 22:14:24 UTC 2026 boot: restored cache
Wed Sep 23 22:14:25 UTC 2026 boot render
Wed Sep 23 22:14:28 UTC 2026 boot render rc=0
get: http://192.168.178.108:5678/webhook/last-rabbit-recognition-frame: Get "http://192.168.178.108:5678/webhook/last-rabbit-recognition-frame": dial tcp 192.168.178.108:5678: connect: network is unreachable
Wed Sep 23 22:19:47 UTC 2026 dl rc=1
Wed Sep 23 22:25:23 UTC 2026 dl ok
Wed Sep 23 22:31:01 UTC 2026 dl ok
Wed Sep 23 22:36:37 UTC 2026 dl ok
get: http://192.168.178.108:5678/webhook/last-rabbit-recognition-frame: Get "http://192.168.178.108:5678/webhook/last-rabbit-recognition-frame": dial tcp 192.168.178.108:5678: connect: connection timed out
Wed Sep 23 22:42:10 UTC 2026 dl rc=1
Wed Sep 23 22:47:46 UTC 2026 dl ok
Wed Sep 23 22:53:22 UTC 2026 dl ok
get: http://192.168.178.108:5678/webhook/last-rabbit-recognition-frame: Get "http://192.168.178.108:5678/webhook/last-rabbit-recognition-frame": dial tcp 192.168.178.108:5678: connect: connection timed out
Wed Sep 23 22:58:54 UTC 2026 dl rc=1
Wed Sep 23 23:04:30 UTC 2026 dl ok
Wed Sep 23 23:10:07 UTC 2026 dl ok
get: http://192.168.178.108:5678/webhook/last-rabbit-recognition-frame: Get "http://192.168.178.108:5678/webhook/last-rabbit-recognition-frame": dial tcp 192.168.178.108:5678: connect: network is unreachable
Wed Sep 23 23:15:39 UTC 2026 dl rc=1
Wed Sep 23 23:21:17 UTC 2026 dl ok
Wed Sep 23 23:26:54 UTC 2026 dl ok
Wed Sep 23 23:32:31 UTC 2026 dl ok
get: http://192.168.178.108:5678/webhook/last-rabbit-recognition-frame: Get "http://192.168.178.108:5678/webhook/last-rabbit-recognition-frame": dial tcp 192.168.178.108:5678: connect: connection timed out
Wed Sep 23 23:38:04 UTC 2026 dl rc=1
Wed Sep 23 23:43:40 UTC 2026 dl ok
Wed Sep 23 23:49:17 UTC 2026 dl ok
get: http://192.168.178.108:5678/webhook/last-rabbit-recognition-frame: Get "http://192.168.178.108:5678/webhook/last-rabbit-recognition-frame": dial tcp 192.168.178.108:5678: connect: connection timed out
Wed Sep 23 23:54:48 UTC 2026 dl rc=1
Thu Sep 24 00:00:24 UTC 2026 dl ok
Thu Sep 24 00:06:02 UTC 2026 dl ok
Thu Sep 24 00:11:39 UTC 2026 dl ok
Thu Sep 24 00:17:13 UTC 2026 dl ok
Thu Sep 24 00:22:50 UTC 2026 dl ok
Thu Sep 24 00:28:26 UTC 2026 dl ok
get: http://192.168.178.108:5678/webhook/last-rabbit-recognition-frame: Get "http://192.168.178.108:5678/webhook/last-rabbit-recognition-frame": dial tcp 192.168.178.108:5678: connect: connection timed out
Thu Sep 24 00:33:59 UTC 2026 dl rc=1
Thu Sep 24 00:39:34 UTC 2026 dl ok
Thu Sep 24 00:45:11 UTC 2026 dl ok
get: http://192.168.178.108:5678/webhook/last-rabbit-recognition-frame: Get "http://192.168.178.108:5678/webhook/last-rabbit-recognition-frame": dial tcp 192.168.178.108:5678: connect: connection timed out
Thu Sep 24 00:50:43 UTC 2026 dl rc=1
Thu Sep 24 00:56:19 UTC 2026 dl ok
Thu Sep 24 01:01:56 UTC 2026 dl ok
get: http://192.168.178.108:5678/webhook/last-rabbit-recognition-frame: Get "http://192.168.178.108:5678/webhook/last-rabbit-recognition-frame": dial tcp 192.168.178.108:5678: connect: connection timed out
Thu Sep 24 01:07:27 UTC 2026 dl rc=1
Thu Sep 24 01:13:04 UTC 2026 dl ok
Thu Sep 24 01:18:41 UTC 2026 dl ok
get: http://192.168.178.108:5678/webhook/last-rabbit-recognition-frame: Get "http://192.168.178.108:5678/webhook/last-rabbit-recognition-frame": dial tcp 192.168.178.108:5678: connect: network is unreachable
Thu Sep 24 01:24:12 UTC 2026 dl rc=1
Thu Sep 24 01:29:48 UTC 2026 dl ok
Thu Sep 24 01:35:25 UTC 2026 dl ok
get: http://192.168.178.108:5678/webhook/last-rabbit-recognition-frame: Get "http://192.168.178.108:5678/webhook/last-rabbit-recognition-frame": dial tcp 192.168.178.108:5678: connect: network is unreachable
Thu Sep 24 01:40:56 UTC 2026 dl rc=1
Thu Sep 24 01:46:32 UTC 2026 dl ok
Thu Sep 24 01:52:08 UTC 2026 dl ok
get: http://192.168.178.108:5678/webhook/last-rabbit-recognition-frame: Get "http://192.168.178.108:5678/webhook/last-rabbit-recognition-frame": dial tcp 192.168.178.108:5678: connect: connection timed out
Thu Sep 24 01:57:40 UTC 2026 dl rc=1
Thu Sep 24 02:03:16 UTC 2026 dl ok
Thu Sep 24 02:08:52 UTC 2026 dl ok
get: http://192.168.178.108:5678/webhook/last-rabbit-recognition-frame: Get "http://192.168.178.108:5678/webhook/last-rabbit-recognition-frame": dial tcp 192.168.178.108:5678: connect: connection timed out
Thu Sep 24 02:14:24 UTC 2026 dl rc=1
Thu Sep 24 02:20:01 UTC 2026 dl ok
Thu Sep 24 02:25:37 UTC 2026 dl ok
get: http://192.168.178.108:5678/webhook/last-rabbit-recognition-frame: Get "http://192.168.178.108:5678/webhook/last-rabbit-recognition-frame": dial tcp 192.168.178.108:5678: connect: network is unreachable
Thu Sep 24 02:31:09 UTC 2026 dl rc=1
Thu Sep 24 02:36:45 UTC 2026 dl ok
Thu Sep 24 02:42:21 UTC 2026 dl ok
get: http://192.168.178.108:5678/webhook/last-rabbit-recognition-frame: Get "http://192.168.178.108:5678/webhook/last-rabbit-recognition-frame": dial tcp 192.168.178.108:5678: connect: network is unreachable
Thu Sep 24 02:47:53 UTC 2026 dl rc=1
Thu Sep 24 02:53:28 UTC 2026 dl ok
Thu Sep 24 02:59:06 UTC 2026 dl ok
get: http://192.168.178.108:5678/webhook/last-rabbit-recognition-frame: Get "http://192.168.178.108:5678/webhook/last-rabbit-recognition-frame": dial tcp 192.168.178.108:5678: connect: network is unreachable
Thu Sep 24 03:04:40 UTC 2026 dl rc=1
Thu Sep 24 03:10:15 UTC 2026 dl ok
Thu Sep 24 03:15:51 UTC 2026 dl ok
Thu Sep 24 03:21:28 UTC 2026 dl ok
get: http://192.168.178.108:5678/webhook/last-rabbit-recognition-frame: Get "http://192.168.178.108:5678/webhook/last-rabbit-recognition-frame": dial tcp 192.168.178.108:5678: connect: connection timed out
Thu Sep 24 03:27:03 UTC 2026 dl rc=1
Thu Sep 24 03:32:39 UTC 2026 dl ok
Thu Sep 24 03:38:16 UTC 2026 dl ok
get: http://192.168.178.108:5678/webhook/last-rabbit-recognition-frame: Get "http://192.168.178.108:5678/webhook/last-rabbit-recognition-frame": dial tcp 192.168.178.108:5678: connect: network is unreachable
Thu Sep 24 03:43:48 UTC 2026 dl rc=1
Thu Sep 24 03:49:24 UTC 2026 dl ok
Thu Sep 24 03:55:00 UTC 2026 dl ok
get: http://192.168.178.108:5678/webhook/last-rabbit-recognition-frame: Get "http://192.168.178.108:5678/webhook/last-rabbit-recognition-frame": dial tcp 192.168.178.108:5678: connect: network is unreachable
Thu Sep 24 04:00:32 UTC 2026 dl rc=1
Thu Sep 24 04:06:08 UTC 2026 dl ok
Thu Sep 24 04:11:45 UTC 2026 dl ok
Thu Sep 24 04:17:25 UTC 2026 dl ok
get: http://192.168.178.108:5678/webhook/last-rabbit-recognition-frame: Get "http://192.168.178.108:5678/webhook/last-rabbit-recognition-frame": dial tcp 192.168.178.108:5678: connect: network is unreachable
Thu Sep 24 04:22:57 UTC 2026 dl rc=1
Thu Sep 24 04:28:35 UTC 2026 dl ok
Thu Sep 24 04:34:11 UTC 2026 dl ok
Thu Sep 24 04:39:49 UTC 2026 dl ok
get: http://192.168.178.108:5678/webhook/last-rabbit-recognition-frame: Get "http://192.168.178.108:5678/webhook/last-rabbit-recognition-frame": dial tcp 192.168.178.108:5678: connect: connection timed out
Thu Sep 24 04:45:23 UTC 2026 dl rc=1
Thu Sep 24 04:50:59 UTC 2026 dl ok
Thu Sep 24 04:56:36 UTC 2026 dl ok
get: http://192.168.178.108:5678/webhook/last-rabbit-recognition-frame: Get "http://192.168.178.108:5678/webhook/last-rabbit-recognition-frame": dial tcp 192.168.178.108:5678: connect: network is unreachable
Thu Sep 24 05:02:08 UTC 2026 dl rc=1
Thu Sep 24 05:07:45 UTC 2026 dl ok
Thu Sep 24 05:13:22 UTC 2026 dl ok
Thu Sep 24 05:19:00 UTC 2026 dl ok
get: http://192.168.178.108:5678/webhook/last-rabbit-recognition-frame: Get "http://192.168.178.108:5678/webhook/last-rabbit-recognition-frame": dial tcp 192.168.178.108:5678: connect: connection timed out
Thu Sep 24 05:24:33 UTC 2026 dl rc=1
Thu Sep 24 05:30:12 UTC 2026 dl ok
Thu Sep 24 05:35:50 UTC 2026 dl ok
Thu Sep 24 05:41:27 UTC 2026 dl ok
get: http://192.168.178.108:5678/webhook/last-rabbit-recognition-frame: Get "http://192.168.178.108:5678/webhook/last-rabbit-recognition-frame": dial tcp 192.168.178.108:5678: connect: network is unreachable
Thu Sep 24 05:46:59 UTC 2026 dl rc=1
Thu Sep 24 05:52:35 UTC 2026 dl ok
Thu Sep 24 05:58:13 UTC 2026 dl ok
Thu Sep 24 06:03:52 UTC 2026 dl ok
get: http://192.168.178.108:5678/webhook/last-rabbit-recognition-frame: Get "http://192.168.178.108:5678/webhook/last-rabbit-recognition-frame": dial tcp 192.168.178.108:5678: connect: connection timed out
Thu Sep 24 06:09:24 UTC 2026 dl rc=1
Thu Sep 24 06:15:03 UTC 2026 dl ok
Thu Sep 24 06:20:41 UTC 2026 dl ok
Thu Sep 24 06:26:18 UTC 2026 dl ok
get: http://192.168.178.108:5678/webhook/last-rabbit-recognition-frame: Get "http://192.168.178.108:5678/webhook/last-rabbit-recognition-frame": dial tcp 192.168.178.108:5678: connect: connection timed out
Thu Sep 24 06:31:50 UTC 2026 dl rc=1
Thu Sep 24 06:37:28 UTC 2026 dl ok
Thu Sep 24 06:43:07 UTC 2026 dl ok
Thu Sep 24 14:17:58 UTC 2026 staged dash size 5177496
Thu Sep 24 14:19:47 UTC 2026 staged dash size 5177496
Thu Sep 24 14:19:47 UTC 2026 v4 start pid=6026
Thu Sep 24 14:19:48 UTC 2026 boot: restored cache
Thu Sep 24 14:19:48 UTC 2026 boot render
Thu Sep 24 14:19:50 UTC 2026 boot render rc=0
Thu Sep 24 18:13:09 UTC 2026 staged dash size 5177496
Thu Sep 24 18:13:09 UTC 2026 v4 start pid=5674
Thu Sep 24 18:13:09 UTC 2026 boot: restored cache
Thu Sep 24 18:13:10 UTC 2026 boot render
Thu Sep 24 18:13:12 UTC 2026 boot render rc=0
Thu Sep 24 20:37:37 UTC 2026 staged dash size 5177496
Thu Sep 24 20:37:37 UTC 2026 v5 start pid=5658
Thu Sep 24 20:37:38 UTC 2026 boot: restored cache
Thu Sep 24 20:37:38 UTC 2026 boot render
Thu Sep 24 20:37:41 UTC 2026 boot render rc=0
Thu Sep 24 20:42:53 UTC 2026 dl ok
Thu Sep 24 20:42:53 UTC 2026 image changed, render
Thu Sep 24 20:42:53 UTC 2026 render rc=0
Thu Sep 24 21:55:14 UTC 2026 staged dash size 5177496
Thu Sep 24 21:55:14 UTC 2026 v6 start pid=5700
Thu Sep 24 21:55:14 UTC 2026 boot: restored cache
Thu Sep 24 21:55:15 UTC 2026 boot render
Thu Sep 24 21:55:16 UTC 2026 boot render rc=0
Thu Sep 24 22:00:29 UTC 2026 dl ok
Thu Sep 24 22:00:29 UTC 2026 image changed, render
Thu Sep 24 22:00:29 UTC 2026 render rc=0
Thu Sep 24 22:05:51 UTC 2026 dl ok
Thu Sep 24 22:11:12 UTC 2026 dl ok
get: http://192.168.178.108:5678/webhook/last-rabbit-recognition-frame: Get "http://192.168.178.108:5678/webhook/last-rabbit-recognition-frame": dial tcp 192.168.178.108:5678: connect: network is unreachable
Thu Sep 24 23:43:32 UTC 2026 dl rc=1
get: http://192.168.178.108:5678/webhook/last-rabbit-recognition-frame: Get "http://192.168.178.108:5678/webhook/last-rabbit-recognition-frame": dial tcp 192.168.178.108:5678: connect: network is unreachable
Sun Sep 27 13:36:28 UTC 2026 dl rc=1
Sun Sep 27 13:37:56 UTC 2026 staged dash size 5177496
Sun Sep 27 13:37:56 UTC 2026 v6 start pid=5652
Sun Sep 27 13:37:57 UTC 2026 boot: restored cache
Sun Sep 27 13:37:57 UTC 2026 boot render
Sun Sep 27 13:37:59 UTC 2026 boot render rc=0
Sun Sep 27 13:43:13 UTC 2026 dl ok
Sun Sep 27 13:43:13 UTC 2026 image changed, render
Sun Sep 27 13:43:13 UTC 2026 render rc=0
Sun Sep 27 13:48:34 UTC 2026 dl ok
Sun Sep 27 13:53:55 UTC 2026 dl ok
Sun Sep 27 15:18:00 UTC 2026 staged dash size 5177496
Sun Sep 27 15:18:00 UTC 2026 v6 start pid=5699
Sun Sep 27 15:18:00 UTC 2026 boot: restored cache
Sun Sep 27 15:18:00 UTC 2026 boot render
Sun Sep 27 15:18:02 UTC 2026 boot render rc=0
Sun Sep 27 17:05:41 UTC 2026 dl ok
Sun Sep 27 17:05:41 UTC 2026 image changed, render
Sun Sep 27 17:05:41 UTC 2026 render rc=0
Sun Sep 27 17:11:02 UTC 2026 dl ok
Sun Sep 27 17:16:24 UTC 2026 dl ok
Sun Sep 27 17:21:56 UTC 2026 dl ok
Sun Sep 27 17:27:16 UTC 2026 dl ok
Sun Sep 27 17:32:52 UTC 2026 dl ok
Sun Sep 27 17:38:13 UTC 2026 dl ok
Sun Sep 27 17:43:40 UTC 2026 dl ok
Sun Sep 27 17:49:01 UTC 2026 dl ok
Sun Sep 27 17:54:29 UTC 2026 dl ok
Sun Sep 27 17:54:29 UTC 2026 image changed, render
Sun Sep 27 17:54:29 UTC 2026 render rc=0
Sun Sep 27 17:59:50 UTC 2026 dl ok
Sun Sep 27 17:59:50 UTC 2026 image changed, render
Sun Sep 27 17:59:50 UTC 2026 render rc=0
Sun Sep 27 18:05:13 UTC 2026 dl ok
Sun Sep 27 18:10:34 UTC 2026 dl ok
Sun Sep 27 18:15:56 UTC 2026 dl ok
Sun Sep 27 18:21:19 UTC 2026 dl ok
Sun Sep 27 18:26:49 UTC 2026 dl ok
Sun Sep 27 18:32:10 UTC 2026 dl ok
Sun Sep 27 18:37:32 UTC 2026 dl ok
Sun Sep 27 18:42:54 UTC 2026 dl ok
Sun Sep 27 18:48:20 UTC 2026 dl ok
Sun Sep 27 18:48:20 UTC 2026 image changed, render
Sun Sep 27 18:48:20 UTC 2026 render rc=0
Sun Sep 27 18:53:41 UTC 2026 dl ok
Sun Sep 27 18:59:02 UTC 2026 dl ok
Sun Sep 27 18:59:02 UTC 2026 image changed, render
Sun Sep 27 18:59:02 UTC 2026 render rc=0
get: http://192.168.178.108:5678/webhook/last-rabbit-recognition-frame: Get "http://192.168.178.108:5678/webhook/last-rabbit-recognition-frame": dial tcp 192.168.178.108:5678: connect: connection timed out
Sun Sep 27 19:04:28 UTC 2026 dl rc=1
Sun Sep 27 19:09:50 UTC 2026 dl ok
Sun Sep 27 19:09:50 UTC 2026 image changed, render
Sun Sep 27 19:09:50 UTC 2026 render rc=0
Sun Sep 27 19:15:12 UTC 2026 dl ok
Sun Sep 27 22:46:33 UTC 2026 staged dash size 5243032
Sun Sep 27 22:50:44 UTC 2026 dl ok
Sun Sep 27 22:50:44 UTC 2026 image changed, render
Sun Sep 27 22:50:44 UTC 2026 render rc=0
Sun Sep 27 22:56:05 UTC 2026 dl ok
Sun Sep 27 23:01:25 UTC 2026 dl ok
Sun Sep 27 23:01:25 UTC 2026 image changed, render
Sun Sep 27 23:01:25 UTC 2026 render rc=0
Sun Sep 27 23:06:45 UTC 2026 dl ok
Sun Sep 27 23:06:45 UTC 2026 image changed, render
Sun Sep 27 23:06:46 UTC 2026 render rc=0
Sun Sep 27 23:12:05 UTC 2026 dl ok
Sun Sep 27 23:12:05 UTC 2026 image changed, render
Sun Sep 27 23:12:05 UTC 2026 render rc=0
Sun Sep 27 23:17:25 UTC 2026 dl ok
Sun Sep 27 23:22:45 UTC 2026 dl ok
Sun Sep 27 23:28:07 UTC 2026 dl ok
Sun Sep 27 23:33:27 UTC 2026 dl ok
Sun Sep 27 23:38:47 UTC 2026 dl ok
Sun Sep 27 23:44:07 UTC 2026 dl ok
Sun Sep 27 23:49:27 UTC 2026 dl ok
Sun Sep 27 23:54:47 UTC 2026 dl ok
Mon Sep 28 00:00:08 UTC 2026 dl ok
Mon Sep 28 00:05:29 UTC 2026 dl ok
Mon Sep 28 00:10:49 UTC 2026 dl ok
Mon Sep 28 00:16:09 UTC 2026 dl ok
Mon Sep 28 00:16:09 UTC 2026 image changed, render
Mon Sep 28 00:16:09 UTC 2026 render rc=0
Mon Sep 28 00:21:28 UTC 2026 dl ok
Mon Sep 28 00:21:28 UTC 2026 image changed, render
Mon Sep 28 00:21:28 UTC 2026 render rc=0
Mon Sep 28 00:26:48 UTC 2026 dl ok
Mon Sep 28 00:32:08 UTC 2026 dl ok
Mon Sep 28 00:37:28 UTC 2026 dl ok
Mon Sep 28 00:42:48 UTC 2026 dl ok
Mon Sep 28 00:58:42 UTC 2026 dl ok
Mon Sep 28 01:03:57 UTC 2026 staged dash size 
Mon Sep 28 01:04:03 UTC 2026 dl ok
Mon Sep 28 01:09:23 UTC 2026 dl ok
Mon Sep 28 01:14:43 UTC 2026 dl ok
Mon Sep 28 01:20:06 UTC 2026 dl ok
Mon Sep 28 01:25:26 UTC 2026 dl ok
Mon Sep 28 01:30:46 UTC 2026 dl ok
Mon Sep 28 01:41:20 UTC 2026 dl ok
Mon Sep 28 01:41:20 UTC 2026 image changed, render
Mon Sep 28 01:41:20 UTC 2026 render rc=0
Mon Sep 28 01:46:41 UTC 2026 dl ok
Mon Sep 28 01:52:00 UTC 2026 dl ok
Mon Sep 28 01:57:20 UTC 2026 dl ok
Mon Sep 28 02:02:40 UTC 2026 dl ok
Mon Sep 28 02:08:00 UTC 2026 dl ok
Mon Sep 28 02:13:19 UTC 2026 dl ok
Mon Sep 28 02:18:40 UTC 2026 dl ok
Mon Sep 28 02:24:00 UTC 2026 dl ok
Mon Sep 28 02:29:20 UTC 2026 dl ok
Mon Sep 28 02:34:39 UTC 2026 dl ok
Mon Sep 28 02:40:00 UTC 2026 dl ok
Mon Sep 28 02:45:20 UTC 2026 dl ok
Mon Sep 28 02:50:40 UTC 2026 dl ok
Mon Sep 28 03:01:14 UTC 2026 dl ok
Mon Sep 28 03:06:34 UTC 2026 dl ok
Mon Sep 28 03:17:07 UTC 2026 dl ok
Mon Sep 28 03:22:27 UTC 2026 dl ok
Mon Sep 28 03:33:00 UTC 2026 dl ok
Mon Sep 28 03:33:00 UTC 2026 image changed, render
Mon Sep 28 03:33:01 UTC 2026 render rc=0
Mon Sep 28 03:38:22 UTC 2026 dl ok
Mon Sep 28 03:38:22 UTC 2026 image changed, render
Mon Sep 28 03:38:22 UTC 2026 render rc=0
Mon Sep 28 03:43:42 UTC 2026 dl ok
Mon Sep 28 03:43:42 UTC 2026 image changed, render
Mon Sep 28 03:43:42 UTC 2026 render rc=0
Mon Sep 28 03:49:02 UTC 2026 dl ok
Mon Sep 28 03:54:22 UTC 2026 dl ok
Mon Sep 28 03:54:22 UTC 2026 image changed, render
Mon Sep 28 03:54:22 UTC 2026 render rc=0
Mon Sep 28 03:59:42 UTC 2026 dl ok
Mon Sep 28 03:59:42 UTC 2026 image changed, render
Mon Sep 28 03:59:42 UTC 2026 render rc=0
Mon Sep 28 04:05:03 UTC 2026 dl ok
Mon Sep 28 04:10:23 UTC 2026 dl ok
Mon Sep 28 04:15:42 UTC 2026 dl ok
Mon Sep 28 04:15:42 UTC 2026 image changed, render
Mon Sep 28 04:15:42 UTC 2026 render rc=0
Mon Sep 28 04:21:02 UTC 2026 dl ok
Mon Sep 28 04:26:22 UTC 2026 dl ok
Mon Sep 28 04:31:41 UTC 2026 dl ok
Mon Sep 28 04:37:01 UTC 2026 dl ok
Mon Sep 28 04:42:21 UTC 2026 dl ok
Mon Sep 28 04:47:41 UTC 2026 dl ok
Mon Sep 28 04:53:00 UTC 2026 dl ok
Mon Sep 28 04:58:20 UTC 2026 dl ok
Mon Sep 28 05:03:39 UTC 2026 dl ok
Mon Sep 28 05:09:00 UTC 2026 dl ok
Mon Sep 28 05:14:20 UTC 2026 dl ok
Mon Sep 28 05:14:20 UTC 2026 image changed, render
Mon Sep 28 05:14:20 UTC 2026 render rc=0
Mon Sep 28 05:19:41 UTC 2026 dl ok
Mon Sep 28 05:25:00 UTC 2026 dl ok
Mon Sep 28 05:25:00 UTC 2026 image changed, render
Mon Sep 28 05:25:00 UTC 2026 render rc=0
Mon Sep 28 05:30:20 UTC 2026 dl ok
Mon Sep 28 05:30:20 UTC 2026 image changed, render
Mon Sep 28 05:30:20 UTC 2026 render rc=0
Mon Sep 28 05:35:39 UTC 2026 dl ok
Mon Sep 28 05:35:39 UTC 2026 image changed, render
Mon Sep 28 05:35:40 UTC 2026 render rc=0
Mon Sep 28 05:41:01 UTC 2026 dl ok
Mon Sep 28 05:41:01 UTC 2026 image changed, render
Mon Sep 28 05:41:01 UTC 2026 render rc=0
Mon Sep 28 05:46:21 UTC 2026 dl ok
Mon Sep 28 05:46:21 UTC 2026 image changed, render
Mon Sep 28 05:46:21 UTC 2026 render rc=0
Mon Sep 28 05:51:42 UTC 2026 dl ok
Mon Sep 28 05:51:42 UTC 2026 image changed, render
Mon Sep 28 05:51:42 UTC 2026 render rc=0
Mon Sep 28 05:57:02 UTC 2026 dl ok
Mon Sep 28 05:57:02 UTC 2026 image changed, render
Mon Sep 28 05:57:02 UTC 2026 render rc=0
Mon Sep 28 06:02:22 UTC 2026 dl ok
Mon Sep 28 06:02:22 UTC 2026 image changed, render
Mon Sep 28 06:02:22 UTC 2026 render rc=0
Mon Sep 28 06:07:42 UTC 2026 dl ok
Mon Sep 28 06:07:42 UTC 2026 image changed, render
Mon Sep 28 06:07:42 UTC 2026 render rc=0
Mon Sep 28 06:13:01 UTC 2026 dl ok
Mon Sep 28 06:13:02 UTC 2026 image changed, render
Mon Sep 28 06:13:02 UTC 2026 render rc=0
Mon Sep 28 06:23:36 UTC 2026 dl ok
Mon Sep 28 06:23:36 UTC 2026 image changed, render
Mon Sep 28 06:23:36 UTC 2026 render rc=0
Mon Sep 28 06:28:56 UTC 2026 dl ok
Mon Sep 28 06:28:56 UTC 2026 image changed, render
Mon Sep 28 06:28:56 UTC 2026 render rc=0
Mon Sep 28 06:34:16 UTC 2026 dl ok
Mon Sep 28 06:34:16 UTC 2026 image changed, render
Mon Sep 28 06:34:16 UTC 2026 render rc=0
Mon Sep 28 07:57:06 UTC 2026 staged dash size 5243032
Mon Sep 28 07:57:06 UTC 2026 v8 start pid=5927
Mon Sep 28 07:57:07 UTC 2026 clock check 1790582226
Mon Sep 28 07:57:07 UTC 2026 boot: restored cache
Mon Sep 28 07:57:07 UTC 2026 boot render
Mon Sep 28 07:57:11 UTC 2026 fb archive /mnt/us/kf_fb/base_1790582229.raw 3104512 bytes sha256=a2e30ea39240
Mon Sep 28 07:57:11 UTC 2026 boot render rc=0
Mon Sep 28 07:57:15 UTC 2026 fb check MATCH
Mon Sep 28 07:57:26 UTC 2026 fb check CHANGED (v8 log-only)
Mon Sep 28 07:57:27 UTC 2026 fb archive /mnt/us/kf_fb/chg_1790582246.raw 3104512 bytes sha256=e7c6a84faf53
Mon Sep 28 07:57:37 UTC 2026 boot window re-render @20s
Mon Sep 28 07:57:38 UTC 2026 fb archive /mnt/us/kf_fb/base_1790582258.raw 3104512 bytes sha256=a2e30ea39240
Mon Sep 28 07:57:38 UTC 2026 boot window render rc=0
Mon Sep 28 07:57:38 UTC 2026 fb check MATCH
Mon Sep 28 07:57:49 UTC 2026 fb check CHANGED (v8 log-only)
Mon Sep 28 07:57:49 UTC 2026 fb archive /mnt/us/kf_fb/chg_1790582269.raw 3104512 bytes sha256=ce9191672782
Mon Sep 28 07:58:00 UTC 2026 fb check CHANGED (v8 log-only)
Mon Sep 28 07:58:10 UTC 2026 fb check CHANGED (v8 log-only)
Mon Sep 28 07:58:21 UTC 2026 boot window re-render @60s
Mon Sep 28 07:58:21 UTC 2026 fb archive /mnt/us/kf_fb/base_1790582301.raw 3104512 bytes sha256=a2e30ea39240
Mon Sep 28 07:58:21 UTC 2026 boot window render rc=0
Mon Sep 28 07:58:22 UTC 2026 fb check MATCH
Mon Sep 28 07:58:32 UTC 2026 fb check MATCH
Mon Sep 28 07:58:43 UTC 2026 fb check MATCH
Mon Sep 28 07:58:53 UTC 2026 fb check CHANGED (v8 log-only)
Mon Sep 28 07:58:54 UTC 2026 fb archive /mnt/us/kf_fb/chg_1790582333.raw 3104512 bytes sha256=4b200b88ae09
Mon Sep 28 07:59:05 UTC 2026 fb check CHANGED (v8 log-only)
Mon Sep 28 07:59:15 UTC 2026 fb check CHANGED (v8 log-only)
Mon Sep 28 07:59:26 UTC 2026 fb check CHANGED (v8 log-only)
Mon Sep 28 07:59:36 UTC 2026 fb check CHANGED (v8 log-only)
Mon Sep 28 07:59:47 UTC 2026 boot window re-render @150s
Mon Sep 28 07:59:47 UTC 2026 fb archive /mnt/us/kf_fb/base_1790582387.raw 3104512 bytes sha256=a2e30ea39240
Mon Sep 28 07:59:47 UTC 2026 boot window render rc=0
Mon Sep 28 07:59:48 UTC 2026 fb check MATCH
Mon Sep 28 07:59:58 UTC 2026 fb check MATCH
Mon Sep 28 08:00:09 UTC 2026 fb check CHANGED (v8 log-only)
Mon Sep 28 08:00:09 UTC 2026 fb archive /mnt/us/kf_fb/chg_1790582409.raw 3104512 bytes sha256=d5a1509888bc
Mon Sep 28 08:00:20 UTC 2026 fb check CHANGED (v8 log-only)
Mon Sep 28 08:00:30 UTC 2026 fb check CHANGED (v8 log-only)
Mon Sep 28 08:00:41 UTC 2026 fb check CHANGED (v8 log-only)
Mon Sep 28 08:00:51 UTC 2026 fb check CHANGED (v8 log-only)
Mon Sep 28 08:01:02 UTC 2026 fb check CHANGED (v8 log-only)
Mon Sep 28 08:01:12 UTC 2026 fb check CHANGED (v8 log-only)
Mon Sep 28 08:01:23 UTC 2026 fb check CHANGED (v8 log-only)
Mon Sep 28 08:01:34 UTC 2026 fb check CHANGED (v8 log-only)
Mon Sep 28 08:01:44 UTC 2026 fb check CHANGED (v8 log-only)
Mon Sep 28 08:01:55 UTC 2026 fb check CHANGED (v8 log-only)
Mon Sep 28 08:02:05 UTC 2026 fb check CHANGED (v8 log-only)
Mon Sep 28 08:02:16 UTC 2026 boot window re-render @300s
Mon Sep 28 08:02:16 UTC 2026 fb archive /mnt/us/kf_fb/base_1790582536.raw 3104512 bytes sha256=a2e30ea39240
Mon Sep 28 08:02:16 UTC 2026 boot window render rc=0
Mon Sep 28 08:02:17 UTC 2026 fb check MATCH
Mon Sep 28 08:02:33 UTC 2026 dl ok
Mon Sep 28 08:02:33 UTC 2026 image changed, render
Mon Sep 28 08:02:34 UTC 2026 fb archive /mnt/us/kf_fb/base_1790582553.raw 3104512 bytes sha256=c0677f51d11f
Mon Sep 28 08:02:34 UTC 2026 render rc=0
Mon Sep 28 08:02:34 UTC 2026 fb check MATCH
Mon Sep 28 08:02:44 UTC 2026 fb check MATCH
Mon Sep 28 08:02:55 UTC 2026 fb check MATCH
Mon Sep 28 08:03:06 UTC 2026 fb check CHANGED (v8 log-only)
Mon Sep 28 08:03:06 UTC 2026 fb archive /mnt/us/kf_fb/chg_1790582586.raw 3104512 bytes sha256=d13ac7b2cfb5
Mon Sep 28 08:03:17 UTC 2026 fb check CHANGED (v8 log-only)
Mon Sep 28 08:03:27 UTC 2026 fb check CHANGED (v8 log-only)
Mon Sep 28 08:03:38 UTC 2026 fb check CHANGED (v8 log-only)
Mon Sep 28 08:03:48 UTC 2026 fb check CHANGED (v8 log-only)
Mon Sep 28 08:03:59 UTC 2026 fb check CHANGED (v8 log-only)
Mon Sep 28 08:04:09 UTC 2026 fb check CHANGED (v8 log-only)
Mon Sep 28 08:04:20 UTC 2026 fb check CHANGED (v8 log-only)
Mon Sep 28 08:04:31 UTC 2026 fb check CHANGED (v8 log-only)
Mon Sep 28 08:04:41 UTC 2026 fb check CHANGED (v8 log-only)
Mon Sep 28 08:04:52 UTC 2026 fb check CHANGED (v8 log-only)
Mon Sep 28 08:05:02 UTC 2026 fb check CHANGED (v8 log-only)
Mon Sep 28 08:05:13 UTC 2026 fb check CHANGED (v8 log-only)
Mon Sep 28 08:05:23 UTC 2026 fb check CHANGED (v8 log-only)
Mon Sep 28 08:05:34 UTC 2026 fb check CHANGED (v8 log-only)
Mon Sep 28 08:05:44 UTC 2026 fb check CHANGED (v8 log-only)
Mon Sep 28 08:05:55 UTC 2026 fb check CHANGED (v8 log-only)
Mon Sep 28 08:06:05 UTC 2026 fb check CHANGED (v8 log-only)
Mon Sep 28 08:06:16 UTC 2026 fb check CHANGED (v8 log-only)
Mon Sep 28 08:06:27 UTC 2026 fb check CHANGED (v8 log-only)
Mon Sep 28 08:06:37 UTC 2026 fb check CHANGED (v8 log-only)
Mon Sep 28 08:06:48 UTC 2026 fb check CHANGED (v8 log-only)
Mon Sep 28 08:06:58 UTC 2026 fb check CHANGED (v8 log-only)
Mon Sep 28 08:07:09 UTC 2026 fb check CHANGED (v8 log-only)
Mon Sep 28 08:07:19 UTC 2026 fb check CHANGED (v8 log-only)
Mon Sep 28 08:07:30 UTC 2026 fb check CHANGED (v8 log-only)
Mon Sep 28 08:07:40 UTC 2026 fb check CHANGED (v8 log-only)
Mon Sep 28 08:07:57 UTC 2026 dl ok
Mon Sep 28 08:07:57 UTC 2026 fb check CHANGED (v8 log-only)
Mon Sep 28 08:08:07 UTC 2026 fb check CHANGED (v8 log-only)
Mon Sep 28 08:08:18 UTC 2026 fb check CHANGED (v8 log-only)
Mon Sep 28 08:08:28 UTC 2026 fb check CHANGED (v8 log-only)
Mon Sep 28 08:08:39 UTC 2026 fb check CHANGED (v8 log-only)
Mon Sep 28 08:08:50 UTC 2026 fb check CHANGED (v8 log-only)
Mon Sep 28 08:09:00 UTC 2026 fb check CHANGED (v8 log-only)
Mon Sep 28 08:09:11 UTC 2026 fb check CHANGED (v8 log-only)
Mon Sep 28 08:09:21 UTC 2026 fb check CHANGED (v8 log-only)
Mon Sep 28 08:09:32 UTC 2026 fb check CHANGED (v8 log-only)
Mon Sep 28 08:09:42 UTC 2026 fb check CHANGED (v8 log-only)
Mon Sep 28 08:09:53 UTC 2026 fb check CHANGED (v8 log-only)
Mon Sep 28 08:10:03 UTC 2026 fb check CHANGED (v8 log-only)
Mon Sep 28 08:10:14 UTC 2026 fb check CHANGED (v8 log-only)
Mon Sep 28 08:10:24 UTC 2026 fb check CHANGED (v8 log-only)
Mon Sep 28 08:10:35 UTC 2026 fb check CHANGED (v8 log-only)
Mon Sep 28 08:10:45 UTC 2026 fb check CHANGED (v8 log-only)
Mon Sep 28 08:10:56 UTC 2026 fb check CHANGED (v8 log-only)
Mon Sep 28 08:11:07 UTC 2026 fb check CHANGED (v8 log-only)
Mon Sep 28 08:11:17 UTC 2026 fb check CHANGED (v8 log-only)
Mon Sep 28 08:11:28 UTC 2026 fb check CHANGED (v8 log-only)
Mon Sep 28 08:11:38 UTC 2026 fb check CHANGED (v8 log-only)
Mon Sep 28 08:11:49 UTC 2026 fb check CHANGED (v8 log-only)
Mon Sep 28 08:11:59 UTC 2026 fb check CHANGED (v8 log-only)
Mon Sep 28 08:12:10 UTC 2026 fb check CHANGED (v8 log-only)
Mon Sep 28 08:12:20 UTC 2026 fb check CHANGED (v8 log-only)
Mon Sep 28 08:12:31 UTC 2026 fb check CHANGED (v8 log-only)
Mon Sep 28 08:12:41 UTC 2026 fb check CHANGED (v8 log-only)
Mon Sep 28 08:12:52 UTC 2026 fb check CHANGED (v8 log-only)
Mon Sep 28 08:13:03 UTC 2026 fb check CHANGED (v8 log-only)
Mon Sep 28 08:13:20 UTC 2026 dl ok
Mon Sep 28 08:13:20 UTC 2026 fb check CHANGED (v8 log-only)
Mon Sep 28 08:13:30 UTC 2026 fb check CHANGED (v8 log-only)
Mon Sep 28 19:54:17 UTC 2026 fb check CHANGED (v8 log-only)
Mon Sep 28 19:54:27 UTC 2026 fb check CHANGED (v8 log-only)
Mon Sep 28 19:54:38 UTC 2026 fb check CHANGED (v8 log-only)
Mon Sep 28 19:54:48 UTC 2026 fb check CHANGED (v8 log-only)
Mon Sep 28 19:54:59 UTC 2026 fb check CHANGED (v8 log-only)
Mon Sep 28 19:55:09 UTC 2026 fb check CHANGED (v8 log-only)
Mon Sep 28 19:55:20 UTC 2026 fb check CHANGED (v8 log-only)
Mon Sep 28 19:55:51 UTC 2026 fb check CHANGED (v8 log-only)
Mon Sep 28 19:56:02 UTC 2026 fb check CHANGED (v8 log-only)
Mon Sep 28 19:56:12 UTC 2026 fb check CHANGED (v8 log-only)
Mon Sep 28 19:56:23 UTC 2026 fb check CHANGED (v8 log-only)
Mon Sep 28 19:56:40 UTC 2026 dl ok
Mon Sep 28 19:56:40 UTC 2026 image changed, render
Mon Sep 28 19:56:41 UTC 2026 fb archive /mnt/us/kf_fb/base_1790625400.raw 3104512 bytes sha256=fe147a65cf58
Mon Sep 28 19:56:41 UTC 2026 render rc=0
Mon Sep 28 19:56:41 UTC 2026 fb check MATCH
Mon Sep 28 19:56:52 UTC 2026 fb check CHANGED (v8 log-only)
Mon Sep 28 19:56:52 UTC 2026 fb archive /mnt/us/kf_fb/chg_1790625412.raw 3104512 bytes sha256=34a07d7d0860
Mon Sep 28 19:57:03 UTC 2026 fb check CHANGED (v8 log-only)
Mon Sep 28 19:57:13 UTC 2026 fb check CHANGED (v8 log-only)
Mon Sep 28 19:57:24 UTC 2026 fb check CHANGED (v8 log-only)
Mon Sep 28 19:57:34 UTC 2026 fb check CHANGED (v8 log-only)
Mon Sep 28 19:57:45 UTC 2026 fb check CHANGED (v8 log-only)
Mon Sep 28 19:57:55 UTC 2026 fb check CHANGED (v8 log-only)
Mon Sep 28 19:58:06 UTC 2026 fb check CHANGED (v8 log-only)
Mon Sep 28 19:58:17 UTC 2026 fb check CHANGED (v8 log-only)
Mon Sep 28 19:58:27 UTC 2026 fb check CHANGED (v8 log-only)
Mon Sep 28 19:58:38 UTC 2026 fb check CHANGED (v8 log-only)
Mon Sep 28 19:58:48 UTC 2026 fb check CHANGED (v8 log-only)
Mon Sep 28 19:58:59 UTC 2026 fb check CHANGED (v8 log-only)
Mon Sep 28 19:59:09 UTC 2026 fb check CHANGED (v8 log-only)
Mon Sep 28 19:59:20 UTC 2026 fb check CHANGED (v8 log-only)
Mon Sep 28 19:59:30 UTC 2026 fb check CHANGED (v8 log-only)
Mon Sep 28 19:59:41 UTC 2026 fb check CHANGED (v8 log-only)
Mon Sep 28 19:59:51 UTC 2026 fb check CHANGED (v8 log-only)
Mon Sep 28 20:00:02 UTC 2026 fb check CHANGED (v8 log-only)
Mon Sep 28 20:00:13 UTC 2026 fb check CHANGED (v8 log-only)
Mon Sep 28 20:00:23 UTC 2026 fb check CHANGED (v8 log-only)
Mon Sep 28 20:00:34 UTC 2026 fb check CHANGED (v8 log-only)
Mon Sep 28 20:00:44 UTC 2026 fb check CHANGED (v8 log-only)
Mon Sep 28 20:00:55 UTC 2026 fb check CHANGED (v8 log-only)
Mon Sep 28 20:01:05 UTC 2026 fb check CHANGED (v8 log-only)
Mon Sep 28 20:01:16 UTC 2026 fb check CHANGED (v8 log-only)
Mon Sep 28 20:01:26 UTC 2026 fb check CHANGED (v8 log-only)
Mon Sep 28 20:01:37 UTC 2026 fb check CHANGED (v8 log-only)
Mon Sep 28 20:01:47 UTC 2026 fb check CHANGED (v8 log-only)
Mon Sep 28 20:02:04 UTC 2026 dl ok
Mon Sep 28 20:02:04 UTC 2026 image changed, render
Mon Sep 28 20:02:05 UTC 2026 fb archive /mnt/us/kf_fb/base_1790625725.raw 3104512 bytes sha256=22b2e60aba1f
Mon Sep 28 20:02:05 UTC 2026 render rc=0
Mon Sep 28 20:02:05 UTC 2026 fb check MATCH
Mon Sep 28 20:02:16 UTC 2026 fb check MATCH
Mon Sep 28 20:02:27 UTC 2026 fb check MATCH
Mon Sep 28 20:02:37 UTC 2026 fb check MATCH
Mon Sep 28 20:02:48 UTC 2026 fb check MATCH
Mon Sep 28 20:02:59 UTC 2026 fb check MATCH
Mon Sep 28 20:03:09 UTC 2026 fb check CHANGED (v8 log-only)
Mon Sep 28 20:03:10 UTC 2026 fb archive /mnt/us/kf_fb/chg_1790625789.raw 3104512 bytes sha256=922f75f89d3b
Mon Sep 28 20:03:20 UTC 2026 fb check CHANGED (v8 log-only)
Mon Sep 28 20:03:31 UTC 2026 fb check CHANGED (v8 log-only)
Mon Sep 28 20:03:41 UTC 2026 fb check CHANGED (v8 log-only)
Mon Sep 28 20:03:52 UTC 2026 fb check CHANGED (v8 log-only)
Mon Sep 28 20:04:02 UTC 2026 fb check CHANGED (v8 log-only)
Mon Sep 28 20:04:13 UTC 2026 fb check CHANGED (v8 log-only)
Mon Sep 28 20:04:23 UTC 2026 fb check CHANGED (v8 log-only)
Mon Sep 28 20:04:34 UTC 2026 fb check CHANGED (v8 log-only)
Mon Sep 28 20:04:45 UTC 2026 fb check CHANGED (v8 log-only)
Mon Sep 28 20:04:55 UTC 2026 fb check CHANGED (v8 log-only)
Mon Sep 28 20:05:06 UTC 2026 fb check CHANGED (v8 log-only)
Mon Sep 28 20:05:16 UTC 2026 fb check CHANGED (v8 log-only)
Mon Sep 28 20:05:27 UTC 2026 fb check CHANGED (v8 log-only)
Mon Sep 28 20:05:37 UTC 2026 fb check CHANGED (v8 log-only)
Mon Sep 28 20:05:48 UTC 2026 fb check CHANGED (v8 log-only)
Mon Sep 28 20:05:58 UTC 2026 fb check CHANGED (v8 log-only)
Mon Sep 28 20:06:09 UTC 2026 fb check CHANGED (v8 log-only)
Mon Sep 28 20:06:19 UTC 2026 fb check CHANGED (v8 log-only)
Mon Sep 28 20:06:30 UTC 2026 fb check CHANGED (v8 log-only)
Mon Sep 28 20:06:41 UTC 2026 fb check CHANGED (v8 log-only)
Mon Sep 28 20:06:51 UTC 2026 fb check CHANGED (v8 log-only)
Mon Sep 28 20:07:02 UTC 2026 fb check CHANGED (v8 log-only)
Mon Sep 28 20:07:12 UTC 2026 fb check CHANGED (v8 log-only)
Mon Sep 28 20:07:29 UTC 2026 dl ok
Mon Sep 28 20:07:29 UTC 2026 image changed, render
Mon Sep 28 20:07:29 UTC 2026 fb archive /mnt/us/kf_fb/base_1790626049.raw 3104512 bytes sha256=bffed4d45977
Mon Sep 28 20:07:29 UTC 2026 render rc=0
Mon Sep 28 20:07:30 UTC 2026 fb check MATCH
Mon Sep 28 20:07:40 UTC 2026 fb check MATCH
Mon Sep 28 20:07:51 UTC 2026 fb check MATCH
Mon Sep 28 20:08:01 UTC 2026 fb check CHANGED (v8 log-only)
Mon Sep 28 20:08:02 UTC 2026 fb archive /mnt/us/kf_fb/chg_1790626081.raw 3104512 bytes sha256=901fc2ab438a
Mon Sep 28 20:08:12 UTC 2026 fb check CHANGED (v8 log-only)
Mon Sep 28 20:08:23 UTC 2026 fb check CHANGED (v8 log-only)
Mon Sep 28 20:08:34 UTC 2026 fb check CHANGED (v8 log-only)
Mon Sep 28 20:08:44 UTC 2026 fb check CHANGED (v8 log-only)
Mon Sep 28 20:08:55 UTC 2026 fb check CHANGED (v8 log-only)
Mon Sep 28 20:09:05 UTC 2026 fb check CHANGED (v8 log-only)
Mon Sep 28 20:09:16 UTC 2026 fb check CHANGED (v8 log-only)
Mon Sep 28 20:09:26 UTC 2026 fb check CHANGED (v8 log-only)
Mon Sep 28 20:09:37 UTC 2026 fb check CHANGED (v8 log-only)
Mon Sep 28 20:09:47 UTC 2026 fb check CHANGED (v8 log-only)
Mon Sep 28 20:09:58 UTC 2026 fb check CHANGED (v8 log-only)
Mon Sep 28 20:10:08 UTC 2026 fb check CHANGED (v8 log-only)
Mon Sep 28 20:10:19 UTC 2026 fb check CHANGED (v8 log-only)
Mon Sep 28 20:10:29 UTC 2026 fb check CHANGED (v8 log-only)
Mon Sep 28 20:10:40 UTC 2026 fb check CHANGED (v8 log-only)
Mon Sep 28 20:10:51 UTC 2026 fb check CHANGED (v8 log-only)
Mon Sep 28 20:11:01 UTC 2026 fb check CHANGED (v8 log-only)
Mon Sep 28 20:11:12 UTC 2026 fb check CHANGED (v8 log-only)
Mon Sep 28 20:11:22 UTC 2026 fb check CHANGED (v8 log-only)
Mon Sep 28 20:11:33 UTC 2026 fb check CHANGED (v8 log-only)
Mon Sep 28 20:11:43 UTC 2026 fb check CHANGED (v8 log-only)
Mon Sep 28 20:11:54 UTC 2026 fb check CHANGED (v8 log-only)
Mon Sep 28 20:12:04 UTC 2026 fb check CHANGED (v8 log-only)
Mon Sep 28 20:12:15 UTC 2026 fb check CHANGED (v8 log-only)
Mon Sep 28 20:12:25 UTC 2026 fb check CHANGED (v8 log-only)
Mon Sep 28 20:12:36 UTC 2026 fb check CHANGED (v8 log-only)
Mon Sep 28 20:12:54 UTC 2026 dl ok
Mon Sep 28 20:12:54 UTC 2026 image changed, render
Mon Sep 28 20:12:54 UTC 2026 fb archive /mnt/us/kf_fb/base_1790626374.raw 3104512 bytes sha256=136d3421ad38
Mon Sep 28 20:12:54 UTC 2026 render rc=0
Mon Sep 28 20:12:55 UTC 2026 fb check MATCH
Mon Sep 28 20:13:05 UTC 2026 fb check CHANGED (v8 log-only)
Mon Sep 28 20:13:06 UTC 2026 fb archive /mnt/us/kf_fb/chg_1790626385.raw 3104512 bytes sha256=9e199856d3da
Mon Sep 28 20:13:16 UTC 2026 fb check CHANGED (v8 log-only)
Mon Sep 28 20:13:27 UTC 2026 fb check CHANGED (v8 log-only)
Mon Sep 28 20:13:37 UTC 2026 fb check CHANGED (v8 log-only)
Mon Sep 28 20:13:48 UTC 2026 fb check CHANGED (v8 log-only)
Mon Sep 28 20:13:58 UTC 2026 fb check CHANGED (v8 log-only)
Mon Sep 28 20:14:09 UTC 2026 fb check CHANGED (v8 log-only)
Mon Sep 28 20:14:19 UTC 2026 fb check CHANGED (v8 log-only)
Mon Sep 28 20:14:30 UTC 2026 fb check CHANGED (v8 log-only)
Mon Sep 28 20:14:40 UTC 2026 fb check CHANGED (v8 log-only)
Mon Sep 28 20:14:51 UTC 2026 fb check CHANGED (v8 log-only)
Mon Sep 28 20:15:01 UTC 2026 fb check CHANGED (v8 log-only)
Mon Sep 28 20:15:12 UTC 2026 fb check CHANGED (v8 log-only)
Mon Sep 28 20:15:23 UTC 2026 fb check CHANGED (v8 log-only)
Mon Sep 28 20:15:33 UTC 2026 fb check CHANGED (v8 log-only)
Mon Sep 28 20:15:44 UTC 2026 fb check CHANGED (v8 log-only)
Mon Sep 28 20:15:54 UTC 2026 fb check CHANGED (v8 log-only)
Mon Sep 28 20:16:05 UTC 2026 fb check CHANGED (v8 log-only)
Mon Sep 28 20:16:15 UTC 2026 fb check CHANGED (v8 log-only)
Mon Sep 28 20:16:26 UTC 2026 fb check CHANGED (v8 log-only)
Mon Sep 28 20:16:36 UTC 2026 fb check CHANGED (v8 log-only)
Mon Sep 28 20:16:47 UTC 2026 fb check CHANGED (v8 log-only)
Mon Sep 28 20:16:58 UTC 2026 fb check CHANGED (v8 log-only)
Mon Sep 28 20:17:08 UTC 2026 fb check CHANGED (v8 log-only)
Mon Sep 28 20:17:19 UTC 2026 fb check CHANGED (v8 log-only)
Mon Sep 28 20:17:29 UTC 2026 fb check CHANGED (v8 log-only)
Mon Sep 28 20:17:40 UTC 2026 fb check CHANGED (v8 log-only)
Mon Sep 28 20:17:50 UTC 2026 fb check CHANGED (v8 log-only)
Mon Sep 28 20:18:01 UTC 2026 fb check CHANGED (v8 log-only)
get: https://automation.sieper.uk/webhook/last-rabbit-recognition-frame: not a PNG
Mon Sep 28 20:18:13 UTC 2026 dl rc=1
Mon Sep 28 20:18:13 UTC 2026 fb check CHANGED (v8 log-only)
Mon Sep 28 20:18:23 UTC 2026 fb check CHANGED (v8 log-only)
Mon Sep 28 20:18:34 UTC 2026 fb check CHANGED (v8 log-only)
Mon Sep 28 20:18:44 UTC 2026 fb check CHANGED (v8 log-only)
Mon Sep 28 20:18:55 UTC 2026 fb check CHANGED (v8 log-only)
Mon Sep 28 20:19:05 UTC 2026 fb check CHANGED (v8 log-only)
Mon Sep 28 20:19:16 UTC 2026 fb check CHANGED (v8 log-only)
Mon Sep 28 20:19:26 UTC 2026 fb check CHANGED (v8 log-only)
Mon Sep 28 20:19:37 UTC 2026 fb check CHANGED (v8 log-only)
Mon Sep 28 20:19:48 UTC 2026 fb check CHANGED (v8 log-only)
Mon Sep 28 20:19:58 UTC 2026 fb check CHANGED (v8 log-only)
Mon Sep 28 20:20:09 UTC 2026 fb check CHANGED (v8 log-only)
Mon Sep 28 20:20:19 UTC 2026 fb check CHANGED (v8 log-only)
Mon Sep 28 20:20:30 UTC 2026 fb check CHANGED (v8 log-only)
Mon Sep 28 20:20:40 UTC 2026 fb check CHANGED (v8 log-only)
Mon Sep 28 20:20:51 UTC 2026 fb check CHANGED (v8 log-only)
Mon Sep 28 20:21:01 UTC 2026 fb check CHANGED (v8 log-only)
Mon Sep 28 20:21:12 UTC 2026 fb check CHANGED (v8 log-only)
Mon Sep 28 20:21:22 UTC 2026 fb check CHANGED (v8 log-only)
Mon Sep 28 20:21:33 UTC 2026 fb check CHANGED (v8 log-only)
Mon Sep 28 20:21:44 UTC 2026 fb check CHANGED (v8 log-only)
Mon Sep 28 20:21:54 UTC 2026 fb check CHANGED (v8 log-only)
Mon Sep 28 20:22:05 UTC 2026 fb check CHANGED (v8 log-only)
Mon Sep 28 20:22:15 UTC 2026 fb check CHANGED (v8 log-only)
Mon Sep 28 20:22:26 UTC 2026 fb check CHANGED (v8 log-only)
Mon Sep 28 20:22:36 UTC 2026 fb check CHANGED (v8 log-only)
Mon Sep 28 20:22:47 UTC 2026 fb check CHANGED (v8 log-only)
Mon Sep 28 20:22:57 UTC 2026 fb check CHANGED (v8 log-only)
Mon Sep 28 20:23:08 UTC 2026 fb check CHANGED (v8 log-only)
Mon Sep 28 20:23:19 UTC 2026 fb check CHANGED (v8 log-only)
Mon Sep 28 20:23:35 UTC 2026 dl ok
Mon Sep 28 20:23:35 UTC 2026 image changed, render
Mon Sep 28 20:23:36 UTC 2026 fb archive /mnt/us/kf_fb/base_1790627015.raw 3104512 bytes sha256=2a9f1150254c
Mon Sep 28 20:23:36 UTC 2026 render rc=0
Mon Sep 28 20:23:36 UTC 2026 fb check MATCH
Mon Sep 28 20:23:47 UTC 2026 fb check MATCH
Mon Sep 28 20:23:57 UTC 2026 fb check MATCH
Mon Sep 28 20:24:08 UTC 2026 fb check CHANGED (v8 log-only)
Mon Sep 28 20:24:08 UTC 2026 fb archive /mnt/us/kf_fb/chg_1790627048.raw 3104512 bytes sha256=44cca6498c9f
Mon Sep 28 20:24:19 UTC 2026 fb check CHANGED (v8 log-only)
Mon Sep 28 20:24:29 UTC 2026 fb check CHANGED (v8 log-only)
Mon Sep 28 20:24:40 UTC 2026 fb check CHANGED (v8 log-only)
Mon Sep 28 20:24:51 UTC 2026 fb check CHANGED (v8 log-only)
Mon Sep 28 20:25:01 UTC 2026 fb check CHANGED (v8 log-only)
Mon Sep 28 20:25:12 UTC 2026 fb check CHANGED (v8 log-only)
Mon Sep 28 20:25:22 UTC 2026 fb check CHANGED (v8 log-only)
Mon Sep 28 20:25:33 UTC 2026 fb check CHANGED (v8 log-only)
Mon Sep 28 20:25:43 UTC 2026 fb check CHANGED (v8 log-only)
Mon Sep 28 20:25:54 UTC 2026 fb check CHANGED (v8 log-only)
Mon Sep 28 20:26:04 UTC 2026 fb check CHANGED (v8 log-only)
Mon Sep 28 20:26:15 UTC 2026 fb check CHANGED (v8 log-only)
Mon Sep 28 20:26:25 UTC 2026 fb check CHANGED (v8 log-only)
Mon Sep 28 20:26:36 UTC 2026 fb check CHANGED (v8 log-only)
Mon Sep 28 20:26:47 UTC 2026 fb check CHANGED (v8 log-only)
Mon Sep 28 20:26:57 UTC 2026 fb check CHANGED (v8 log-only)
Mon Sep 28 20:27:08 UTC 2026 fb check CHANGED (v8 log-only)
Mon Sep 28 20:27:18 UTC 2026 fb check CHANGED (v8 log-only)
Mon Sep 28 20:27:29 UTC 2026 fb check CHANGED (v8 log-only)
Mon Sep 28 20:27:39 UTC 2026 fb check CHANGED (v8 log-only)
Mon Sep 28 20:27:50 UTC 2026 fb check CHANGED (v8 log-only)
Mon Sep 28 20:28:00 UTC 2026 fb check CHANGED (v8 log-only)
Mon Sep 28 20:28:11 UTC 2026 fb check CHANGED (v8 log-only)
Mon Sep 28 20:28:21 UTC 2026 fb check CHANGED (v8 log-only)
Mon Sep 28 20:28:32 UTC 2026 fb check CHANGED (v8 log-only)
Mon Sep 28 20:28:42 UTC 2026 fb check CHANGED (v8 log-only)
Mon Sep 28 20:28:59 UTC 2026 dl ok
Mon Sep 28 20:28:59 UTC 2026 fb check CHANGED (v8 log-only)
Mon Sep 28 20:29:10 UTC 2026 fb check CHANGED (v8 log-only)
Mon Sep 28 20:29:20 UTC 2026 fb check CHANGED (v8 log-only)
Mon Sep 28 20:29:31 UTC 2026 fb check CHANGED (v8 log-only)
Mon Sep 28 20:29:41 UTC 2026 fb check CHANGED (v8 log-only)
Mon Sep 28 20:29:52 UTC 2026 fb check CHANGED (v8 log-only)
Mon Sep 28 20:30:02 UTC 2026 fb check CHANGED (v8 log-only)
Mon Sep 28 20:30:13 UTC 2026 fb check CHANGED (v8 log-only)
Mon Sep 28 20:30:23 UTC 2026 fb check CHANGED (v8 log-only)
Mon Sep 28 20:30:34 UTC 2026 fb check CHANGED (v8 log-only)
Mon Sep 28 20:30:45 UTC 2026 fb check CHANGED (v8 log-only)
Mon Sep 28 20:30:55 UTC 2026 fb check CHANGED (v8 log-only)
Mon Sep 28 20:31:06 UTC 2026 fb check CHANGED (v8 log-only)
Mon Sep 28 20:31:16 UTC 2026 fb check CHANGED (v8 log-only)
Mon Sep 28 20:31:27 UTC 2026 fb check CHANGED (v8 log-only)
Mon Sep 28 20:31:37 UTC 2026 fb check CHANGED (v8 log-only)
Mon Sep 28 20:31:48 UTC 2026 fb check CHANGED (v8 log-only)
Mon Sep 28 20:31:58 UTC 2026 fb check CHANGED (v8 log-only)
Mon Sep 28 20:32:09 UTC 2026 fb check CHANGED (v8 log-only)
Mon Sep 28 20:32:20 UTC 2026 fb check CHANGED (v8 log-only)
Mon Sep 28 20:32:30 UTC 2026 fb check CHANGED (v8 log-only)
Mon Sep 28 20:32:41 UTC 2026 fb check CHANGED (v8 log-only)
Mon Sep 28 20:32:51 UTC 2026 fb check CHANGED (v8 log-only)
Mon Sep 28 20:33:02 UTC 2026 fb check CHANGED (v8 log-only)
Mon Sep 28 20:33:12 UTC 2026 fb check CHANGED (v8 log-only)
Mon Sep 28 20:33:23 UTC 2026 fb check CHANGED (v8 log-only)
Mon Sep 28 20:33:33 UTC 2026 fb check CHANGED (v8 log-only)
Mon Sep 28 20:33:44 UTC 2026 fb check CHANGED (v8 log-only)
Mon Sep 28 20:33:54 UTC 2026 fb check CHANGED (v8 log-only)
Mon Sep 28 20:34:05 UTC 2026 fb check CHANGED (v8 log-only)
Mon Sep 28 20:34:22 UTC 2026 dl ok
Mon Sep 28 20:34:22 UTC 2026 fb check CHANGED (v8 log-only)
Mon Sep 28 20:34:32 UTC 2026 fb check CHANGED (v8 log-only)
Mon Sep 28 20:34:43 UTC 2026 fb check CHANGED (v8 log-only)
Mon Sep 28 20:34:53 UTC 2026 fb check CHANGED (v8 log-only)
Mon Sep 28 20:35:04 UTC 2026 fb check CHANGED (v8 log-only)
Mon Sep 28 20:35:14 UTC 2026 fb check CHANGED (v8 log-only)
Mon Sep 28 20:35:25 UTC 2026 fb check CHANGED (v8 log-only)
Mon Sep 28 20:35:35 UTC 2026 fb check CHANGED (v8 log-only)
Mon Sep 28 20:35:46 UTC 2026 fb check CHANGED (v8 log-only)
Mon Sep 28 20:35:57 UTC 2026 fb check CHANGED (v8 log-only)
Mon Sep 28 20:36:07 UTC 2026 fb check CHANGED (v8 log-only)
Mon Sep 28 20:36:18 UTC 2026 fb check CHANGED (v8 log-only)
Mon Sep 28 20:36:28 UTC 2026 fb check CHANGED (v8 log-only)
Mon Sep 28 20:36:39 UTC 2026 fb check CHANGED (v8 log-only)
Mon Sep 28 20:36:49 UTC 2026 fb check CHANGED (v8 log-only)
Mon Sep 28 20:37:00 UTC 2026 fb check CHANGED (v8 log-only)
Mon Sep 28 20:37:10 UTC 2026 fb check CHANGED (v8 log-only)
Mon Sep 28 20:37:21 UTC 2026 fb check CHANGED (v8 log-only)
Mon Sep 28 20:37:31 UTC 2026 fb check CHANGED (v8 log-only)
Mon Sep 28 20:37:42 UTC 2026 fb check CHANGED (v8 log-only)
Mon Sep 28 20:37:52 UTC 2026 fb check CHANGED (v8 log-only)
Mon Sep 28 20:38:03 UTC 2026 fb check CHANGED (v8 log-only)
Mon Sep 28 20:38:14 UTC 2026 fb check CHANGED (v8 log-only)
Mon Sep 28 20:38:24 UTC 2026 fb check CHANGED (v8 log-only)
Mon Sep 28 20:38:35 UTC 2026 fb check CHANGED (v8 log-only)
Mon Sep 28 20:38:45 UTC 2026 fb check CHANGED (v8 log-only)
Mon Sep 28 20:38:56 UTC 2026 fb check CHANGED (v8 log-only)
Mon Sep 28 20:39:06 UTC 2026 fb check CHANGED (v8 log-only)
Mon Sep 28 20:39:17 UTC 2026 fb check CHANGED (v8 log-only)
Mon Sep 28 20:39:27 UTC 2026 fb check CHANGED (v8 log-only)
Mon Sep 28 20:39:44 UTC 2026 dl ok
Mon Sep 28 20:39:44 UTC 2026 fb check CHANGED (v8 log-only)
Mon Sep 28 20:39:55 UTC 2026 fb check CHANGED (v8 log-only)
Mon Sep 28 20:40:05 UTC 2026 fb check CHANGED (v8 log-only)
Mon Sep 28 20:40:16 UTC 2026 fb check CHANGED (v8 log-only)
Mon Sep 28 20:40:26 UTC 2026 fb check CHANGED (v8 log-only)
Mon Sep 28 20:40:37 UTC 2026 fb check CHANGED (v8 log-only)
Mon Sep 28 20:40:47 UTC 2026 fb check CHANGED (v8 log-only)
Mon Sep 28 20:40:58 UTC 2026 fb check CHANGED (v8 log-only)
Mon Sep 28 20:41:08 UTC 2026 fb check CHANGED (v8 log-only)
Mon Sep 28 20:41:19 UTC 2026 fb check CHANGED (v8 log-only)
Mon Sep 28 20:41:29 UTC 2026 fb check CHANGED (v8 log-only)
Mon Sep 28 20:41:40 UTC 2026 fb check CHANGED (v8 log-only)
Mon Sep 28 20:41:51 UTC 2026 fb check CHANGED (v8 log-only)
Mon Sep 28 20:42:01 UTC 2026 fb check CHANGED (v8 log-only)
Mon Sep 28 20:42:12 UTC 2026 fb check CHANGED (v8 log-only)
Mon Sep 28 20:42:22 UTC 2026 fb check CHANGED (v8 log-only)
Mon Sep 28 20:42:33 UTC 2026 fb check CHANGED (v8 log-only)
Mon Sep 28 20:42:43 UTC 2026 fb check CHANGED (v8 log-only)
Mon Sep 28 20:42:54 UTC 2026 fb check CHANGED (v8 log-only)
Mon Sep 28 20:43:04 UTC 2026 fb check CHANGED (v8 log-only)
Mon Sep 28 20:43:15 UTC 2026 fb check CHANGED (v8 log-only)
Mon Sep 28 20:43:25 UTC 2026 fb check CHANGED (v8 log-only)
Mon Sep 28 20:43:36 UTC 2026 fb check CHANGED (v8 log-only)
Mon Sep 28 20:43:47 UTC 2026 fb check CHANGED (v8 log-only)
Mon Sep 28 20:43:57 UTC 2026 fb check CHANGED (v8 log-only)
Mon Sep 28 20:44:08 UTC 2026 fb check CHANGED (v8 log-only)
Mon Sep 28 20:44:18 UTC 2026 fb check CHANGED (v8 log-only)
Mon Sep 28 20:44:29 UTC 2026 fb check CHANGED (v8 log-only)
Mon Sep 28 20:44:39 UTC 2026 fb check CHANGED (v8 log-only)
Mon Sep 28 20:44:50 UTC 2026 fb check CHANGED (v8 log-only)
Mon Sep 28 20:45:07 UTC 2026 dl ok
Mon Sep 28 20:45:07 UTC 2026 fb check CHANGED (v8 log-only)
Mon Sep 28 20:45:18 UTC 2026 fb check CHANGED (v8 log-only)
Mon Sep 28 20:45:28 UTC 2026 fb check CHANGED (v8 log-only)
Mon Sep 28 20:45:39 UTC 2026 fb check CHANGED (v8 log-only)
Mon Sep 28 20:45:49 UTC 2026 fb check CHANGED (v8 log-only)
Mon Sep 28 20:46:00 UTC 2026 fb check CHANGED (v8 log-only)
Mon Sep 28 20:46:10 UTC 2026 fb check CHANGED (v8 log-only)
Mon Sep 28 20:46:21 UTC 2026 fb check CHANGED (v8 log-only)
Mon Sep 28 20:46:31 UTC 2026 fb check CHANGED (v8 log-only)
Mon Sep 28 20:46:42 UTC 2026 fb check CHANGED (v8 log-only)
Mon Sep 28 20:46:53 UTC 2026 fb check CHANGED (v8 log-only)
Mon Sep 28 20:47:03 UTC 2026 fb check CHANGED (v8 log-only)
Mon Sep 28 20:47:14 UTC 2026 fb check CHANGED (v8 log-only)
Mon Sep 28 20:47:24 UTC 2026 fb check CHANGED (v8 log-only)
Mon Sep 28 20:47:35 UTC 2026 fb check CHANGED (v8 log-only)
Mon Sep 28 20:47:45 UTC 2026 fb check CHANGED (v8 log-only)
Mon Sep 28 20:47:56 UTC 2026 fb check CHANGED (v8 log-only)
Mon Sep 28 20:48:06 UTC 2026 fb check CHANGED (v8 log-only)
Mon Sep 28 20:48:17 UTC 2026 fb check CHANGED (v8 log-only)
Mon Sep 28 20:48:27 UTC 2026 fb check CHANGED (v8 log-only)
Mon Sep 28 20:48:38 UTC 2026 fb check CHANGED (v8 log-only)
Mon Sep 28 20:48:49 UTC 2026 fb check CHANGED (v8 log-only)
Mon Sep 28 20:48:59 UTC 2026 fb check CHANGED (v8 log-only)
Mon Sep 28 20:49:10 UTC 2026 fb check CHANGED (v8 log-only)
Mon Sep 28 20:49:20 UTC 2026 fb check CHANGED (v8 log-only)
Mon Sep 28 20:49:31 UTC 2026 fb check CHANGED (v8 log-only)
Mon Sep 28 20:49:41 UTC 2026 fb check CHANGED (v8 log-only)
Mon Sep 28 20:49:52 UTC 2026 fb check CHANGED (v8 log-only)
Mon Sep 28 20:50:02 UTC 2026 fb check CHANGED (v8 log-only)
Mon Sep 28 20:50:13 UTC 2026 fb check CHANGED (v8 log-only)
Mon Sep 28 20:50:30 UTC 2026 dl ok
Mon Sep 28 20:50:30 UTC 2026 fb check CHANGED (v8 log-only)
Mon Sep 28 20:50:40 UTC 2026 fb check CHANGED (v8 log-only)
Mon Sep 28 20:50:51 UTC 2026 fb check CHANGED (v8 log-only)
Mon Sep 28 20:51:01 UTC 2026 fb check CHANGED (v8 log-only)
Mon Sep 28 20:51:12 UTC 2026 fb check CHANGED (v8 log-only)
Mon Sep 28 20:51:22 UTC 2026 fb check CHANGED (v8 log-only)
Mon Sep 28 20:51:33 UTC 2026 fb check CHANGED (v8 log-only)
Mon Sep 28 20:51:43 UTC 2026 fb check CHANGED (v8 log-only)
Mon Sep 28 20:51:54 UTC 2026 fb check CHANGED (v8 log-only)
Mon Sep 28 20:52:04 UTC 2026 fb check CHANGED (v8 log-only)
Mon Sep 28 20:52:15 UTC 2026 fb check CHANGED (v8 log-only)
Mon Sep 28 20:52:25 UTC 2026 fb check CHANGED (v8 log-only)
Mon Sep 28 20:52:36 UTC 2026 fb check CHANGED (v8 log-only)
Mon Sep 28 20:52:47 UTC 2026 fb check CHANGED (v8 log-only)
Mon Sep 28 20:52:57 UTC 2026 fb check CHANGED (v8 log-only)
Mon Sep 28 20:53:08 UTC 2026 fb check CHANGED (v8 log-only)
Mon Sep 28 20:53:18 UTC 2026 fb check CHANGED (v8 log-only)
Mon Sep 28 20:53:29 UTC 2026 fb check CHANGED (v8 log-only)
Mon Sep 28 20:53:39 UTC 2026 fb check CHANGED (v8 log-only)
Mon Sep 28 20:53:50 UTC 2026 fb check CHANGED (v8 log-only)
Mon Sep 28 20:54:00 UTC 2026 fb check CHANGED (v8 log-only)
Mon Sep 28 20:54:11 UTC 2026 fb check CHANGED (v8 log-only)
Mon Sep 28 20:54:21 UTC 2026 fb check CHANGED (v8 log-only)
Mon Sep 28 20:54:32 UTC 2026 fb check CHANGED (v8 log-only)
Mon Sep 28 20:54:43 UTC 2026 fb check CHANGED (v8 log-only)
Mon Sep 28 20:54:53 UTC 2026 fb check CHANGED (v8 log-only)
Mon Sep 28 20:55:04 UTC 2026 fb check CHANGED (v8 log-only)
Mon Sep 28 20:55:14 UTC 2026 fb check CHANGED (v8 log-only)
Mon Sep 28 20:55:25 UTC 2026 fb check CHANGED (v8 log-only)
Mon Sep 28 20:55:35 UTC 2026 fb check CHANGED (v8 log-only)
Mon Sep 28 20:55:52 UTC 2026 dl ok
Mon Sep 28 20:55:52 UTC 2026 fb check CHANGED (v8 log-only)
Mon Sep 28 20:56:02 UTC 2026 fb check CHANGED (v8 log-only)
Mon Sep 28 20:56:13 UTC 2026 fb check CHANGED (v8 log-only)
Mon Sep 28 20:56:23 UTC 2026 fb check CHANGED (v8 log-only)
Mon Sep 28 20:56:34 UTC 2026 fb check CHANGED (v8 log-only)
Mon Sep 28 20:56:44 UTC 2026 fb check CHANGED (v8 log-only)
Mon Sep 28 20:56:55 UTC 2026 fb check CHANGED (v8 log-only)
Mon Sep 28 20:57:06 UTC 2026 fb check CHANGED (v8 log-only)
Mon Sep 28 20:57:16 UTC 2026 fb check CHANGED (v8 log-only)
Mon Sep 28 20:57:27 UTC 2026 fb check CHANGED (v8 log-only)
Mon Sep 28 20:57:37 UTC 2026 fb check CHANGED (v8 log-only)
Mon Sep 28 20:57:48 UTC 2026 fb check CHANGED (v8 log-only)
Mon Sep 28 20:57:58 UTC 2026 fb check CHANGED (v8 log-only)
Mon Sep 28 20:58:09 UTC 2026 fb check CHANGED (v8 log-only)
Mon Sep 28 20:58:19 UTC 2026 fb check CHANGED (v8 log-only)
Mon Sep 28 20:58:30 UTC 2026 fb check CHANGED (v8 log-only)
Mon Sep 28 20:58:41 UTC 2026 fb check CHANGED (v8 log-only)
Mon Sep 28 20:58:51 UTC 2026 fb check CHANGED (v8 log-only)
Mon Sep 28 20:59:02 UTC 2026 fb check CHANGED (v8 log-only)
Mon Sep 28 20:59:12 UTC 2026 fb check CHANGED (v8 log-only)
Mon Sep 28 20:59:23 UTC 2026 fb check CHANGED (v8 log-only)
Mon Sep 28 20:59:33 UTC 2026 fb check CHANGED (v8 log-only)
Mon Sep 28 20:59:44 UTC 2026 fb check CHANGED (v8 log-only)
Mon Sep 28 20:59:54 UTC 2026 fb check CHANGED (v8 log-only)
Mon Sep 28 21:00:05 UTC 2026 fb check CHANGED (v8 log-only)
Mon Sep 28 21:00:16 UTC 2026 fb check CHANGED (v8 log-only)
Mon Sep 28 21:00:26 UTC 2026 fb check CHANGED (v8 log-only)
Mon Sep 28 21:00:37 UTC 2026 fb check CHANGED (v8 log-only)
Mon Sep 28 21:00:47 UTC 2026 fb check CHANGED (v8 log-only)
Mon Sep 28 21:00:58 UTC 2026 fb check CHANGED (v8 log-only)
Mon Sep 28 21:01:15 UTC 2026 dl ok
Mon Sep 28 21:01:15 UTC 2026 fb check CHANGED (v8 log-only)
Mon Sep 28 21:01:25 UTC 2026 fb check CHANGED (v8 log-only)
Mon Sep 28 21:01:36 UTC 2026 fb check CHANGED (v8 log-only)
Mon Sep 28 21:01:46 UTC 2026 fb check CHANGED (v8 log-only)
Mon Sep 28 21:01:57 UTC 2026 fb check CHANGED (v8 log-only)
Mon Sep 28 21:02:07 UTC 2026 fb check CHANGED (v8 log-only)
Mon Sep 28 21:02:18 UTC 2026 fb check CHANGED (v8 log-only)
Mon Sep 28 21:02:29 UTC 2026 fb check CHANGED (v8 log-only)
Mon Sep 28 21:02:39 UTC 2026 fb check CHANGED (v8 log-only)
Mon Sep 28 21:02:50 UTC 2026 fb check CHANGED (v8 log-only)
Mon Sep 28 21:03:00 UTC 2026 fb check CHANGED (v8 log-only)
Mon Sep 28 21:03:11 UTC 2026 fb check CHANGED (v8 log-only)
Mon Sep 28 21:03:21 UTC 2026 fb check CHANGED (v8 log-only)
Mon Sep 28 21:03:32 UTC 2026 fb check CHANGED (v8 log-only)
Mon Sep 28 21:03:42 UTC 2026 fb check CHANGED (v8 log-only)
Mon Sep 28 21:03:53 UTC 2026 fb check CHANGED (v8 log-only)
Mon Sep 28 21:04:03 UTC 2026 fb check CHANGED (v8 log-only)
Mon Sep 28 21:04:14 UTC 2026 fb check CHANGED (v8 log-only)
Mon Sep 28 21:04:25 UTC 2026 fb check CHANGED (v8 log-only)
Mon Sep 28 21:04:35 UTC 2026 fb check CHANGED (v8 log-only)
Mon Sep 28 21:04:46 UTC 2026 fb check CHANGED (v8 log-only)
Mon Sep 28 21:04:56 UTC 2026 fb check CHANGED (v8 log-only)
Mon Sep 28 21:05:07 UTC 2026 fb check CHANGED (v8 log-only)
Mon Sep 28 21:05:17 UTC 2026 fb check CHANGED (v8 log-only)
Mon Sep 28 21:05:28 UTC 2026 fb check CHANGED (v8 log-only)
Mon Sep 28 21:05:38 UTC 2026 fb check CHANGED (v8 log-only)
Mon Sep 28 21:05:49 UTC 2026 fb check CHANGED (v8 log-only)
Mon Sep 28 21:05:59 UTC 2026 fb check CHANGED (v8 log-only)
Mon Sep 28 21:06:10 UTC 2026 fb check CHANGED (v8 log-only)
Mon Sep 28 21:06:21 UTC 2026 fb check CHANGED (v8 log-only)
Mon Sep 28 21:06:37 UTC 2026 dl ok
Mon Sep 28 21:06:37 UTC 2026 fb check CHANGED (v8 log-only)
Mon Sep 28 21:06:48 UTC 2026 fb check CHANGED (v8 log-only)
Mon Sep 28 21:06:58 UTC 2026 fb check CHANGED (v8 log-only)
Mon Sep 28 21:07:09 UTC 2026 fb check CHANGED (v8 log-only)
Mon Sep 28 21:07:19 UTC 2026 fb check CHANGED (v8 log-only)
Mon Sep 28 21:07:30 UTC 2026 fb check CHANGED (v8 log-only)
Mon Sep 28 21:07:40 UTC 2026 fb check CHANGED (v8 log-only)
Mon Sep 28 21:07:51 UTC 2026 fb check CHANGED (v8 log-only)
Mon Sep 28 21:08:01 UTC 2026 fb check CHANGED (v8 log-only)
Mon Sep 28 21:08:12 UTC 2026 fb check CHANGED (v8 log-only)
Mon Sep 28 21:08:22 UTC 2026 fb check CHANGED (v8 log-only)
Mon Sep 28 21:08:33 UTC 2026 fb check CHANGED (v8 log-only)
Mon Sep 28 21:08:44 UTC 2026 fb check CHANGED (v8 log-only)
Mon Sep 28 21:08:54 UTC 2026 fb check CHANGED (v8 log-only)
Mon Sep 28 21:09:05 UTC 2026 fb check CHANGED (v8 log-only)
Mon Sep 28 21:09:15 UTC 2026 fb check CHANGED (v8 log-only)
Mon Sep 28 21:09:26 UTC 2026 fb check CHANGED (v8 log-only)
Mon Sep 28 21:09:36 UTC 2026 fb check CHANGED (v8 log-only)
Mon Sep 28 21:09:47 UTC 2026 fb check CHANGED (v8 log-only)
Mon Sep 28 21:09:57 UTC 2026 fb check CHANGED (v8 log-only)
Mon Sep 28 21:10:08 UTC 2026 fb check CHANGED (v8 log-only)
Mon Sep 28 21:10:19 UTC 2026 fb check CHANGED (v8 log-only)
Mon Sep 28 21:10:29 UTC 2026 fb check CHANGED (v8 log-only)
Mon Sep 28 21:10:40 UTC 2026 fb check CHANGED (v8 log-only)
Mon Sep 28 21:10:50 UTC 2026 fb check CHANGED (v8 log-only)
Mon Sep 28 21:11:01 UTC 2026 fb check CHANGED (v8 log-only)
Mon Sep 28 21:11:11 UTC 2026 fb check CHANGED (v8 log-only)
Mon Sep 28 21:11:22 UTC 2026 fb check CHANGED (v8 log-only)
Mon Sep 28 21:11:32 UTC 2026 fb check CHANGED (v8 log-only)
Mon Sep 28 21:11:43 UTC 2026 fb check CHANGED (v8 log-only)
Mon Sep 28 21:11:59 UTC 2026 dl ok
Mon Sep 28 21:11:59 UTC 2026 fb check CHANGED (v8 log-only)
Mon Sep 28 21:12:10 UTC 2026 fb check CHANGED (v8 log-only)
Mon Sep 28 21:12:21 UTC 2026 fb check CHANGED (v8 log-only)
Mon Sep 28 21:12:31 UTC 2026 fb check CHANGED (v8 log-only)
Mon Sep 28 21:12:42 UTC 2026 fb check CHANGED (v8 log-only)
Mon Sep 28 21:12:52 UTC 2026 fb check CHANGED (v8 log-only)
Mon Sep 28 21:13:03 UTC 2026 fb check CHANGED (v8 log-only)
Mon Sep 28 21:13:13 UTC 2026 fb check CHANGED (v8 log-only)
Mon Sep 28 21:13:24 UTC 2026 fb check CHANGED (v8 log-only)
Mon Sep 28 21:13:34 UTC 2026 fb check CHANGED (v8 log-only)
Mon Sep 28 21:13:45 UTC 2026 fb check CHANGED (v8 log-only)
Mon Sep 28 21:13:55 UTC 2026 fb check CHANGED (v8 log-only)
Mon Sep 28 21:14:06 UTC 2026 fb check CHANGED (v8 log-only)
Mon Sep 28 21:14:17 UTC 2026 fb check CHANGED (v8 log-only)
Mon Sep 28 21:14:27 UTC 2026 fb check CHANGED (v8 log-only)
Mon Sep 28 21:14:38 UTC 2026 fb check CHANGED (v8 log-only)
Mon Sep 28 21:14:48 UTC 2026 fb check CHANGED (v8 log-only)
Mon Sep 28 21:14:59 UTC 2026 fb check CHANGED (v8 log-only)
Mon Sep 28 21:15:09 UTC 2026 fb check CHANGED (v8 log-only)
Mon Sep 28 21:15:20 UTC 2026 fb check CHANGED (v8 log-only)
Mon Sep 28 21:15:30 UTC 2026 fb check CHANGED (v8 log-only)
Mon Sep 28 21:15:41 UTC 2026 fb check CHANGED (v8 log-only)
Mon Sep 28 21:15:51 UTC 2026 fb check CHANGED (v8 log-only)
Mon Sep 28 21:16:02 UTC 2026 fb check CHANGED (v8 log-only)
Mon Sep 28 21:16:13 UTC 2026 fb check CHANGED (v8 log-only)
Mon Sep 28 21:16:23 UTC 2026 fb check CHANGED (v8 log-only)
Mon Sep 28 21:16:34 UTC 2026 fb check CHANGED (v8 log-only)
Mon Sep 28 21:16:44 UTC 2026 fb check CHANGED (v8 log-only)
Mon Sep 28 21:16:55 UTC 2026 fb check CHANGED (v8 log-only)
Mon Sep 28 21:17:05 UTC 2026 fb check CHANGED (v8 log-only)
Mon Sep 28 21:17:22 UTC 2026 dl ok
Mon Sep 28 21:17:22 UTC 2026 image changed, render
Mon Sep 28 21:17:23 UTC 2026 fb archive /mnt/us/kf_fb/base_1790630242.raw 3104512 bytes sha256=170363fe4ff0
Mon Sep 28 21:17:23 UTC 2026 render rc=0
Mon Sep 28 21:17:23 UTC 2026 fb check MATCH
Mon Sep 28 21:17:34 UTC 2026 fb check MATCH
Mon Sep 28 21:17:44 UTC 2026 fb check MATCH
Mon Sep 28 21:17:55 UTC 2026 fb check MATCH
Mon Sep 28 21:18:06 UTC 2026 fb check CHANGED (v8 log-only)
Mon Sep 28 21:18:06 UTC 2026 fb archive /mnt/us/kf_fb/chg_1790630286.raw 3104512 bytes sha256=0bf6f8e43afe
Mon Sep 28 21:18:17 UTC 2026 fb check CHANGED (v8 log-only)
Mon Sep 28 21:18:27 UTC 2026 fb check CHANGED (v8 log-only)
Mon Sep 28 21:18:38 UTC 2026 fb check CHANGED (v8 log-only)
Mon Sep 28 21:18:48 UTC 2026 fb check CHANGED (v8 log-only)
Mon Sep 28 21:18:59 UTC 2026 fb check CHANGED (v8 log-only)
Mon Sep 28 21:19:09 UTC 2026 fb check CHANGED (v8 log-only)
Mon Sep 28 21:19:20 UTC 2026 fb check CHANGED (v8 log-only)
Mon Sep 28 21:19:30 UTC 2026 fb check CHANGED (v8 log-only)
Mon Sep 28 21:19:41 UTC 2026 fb check CHANGED (v8 log-only)
Mon Sep 28 21:19:51 UTC 2026 fb check CHANGED (v8 log-only)
Mon Sep 28 21:20:02 UTC 2026 fb check CHANGED (v8 log-only)
Mon Sep 28 21:20:13 UTC 2026 fb check CHANGED (v8 log-only)
Mon Sep 28 21:20:23 UTC 2026 fb check CHANGED (v8 log-only)
Mon Sep 28 21:20:34 UTC 2026 fb check CHANGED (v8 log-only)
Mon Sep 28 21:20:44 UTC 2026 fb check CHANGED (v8 log-only)
Mon Sep 28 21:20:55 UTC 2026 fb check CHANGED (v8 log-only)
Mon Sep 28 21:21:05 UTC 2026 fb check CHANGED (v8 log-only)
Mon Sep 28 21:21:16 UTC 2026 fb check CHANGED (v8 log-only)
Mon Sep 28 21:21:26 UTC 2026 fb check CHANGED (v8 log-only)
Mon Sep 28 21:21:37 UTC 2026 fb check CHANGED (v8 log-only)
Mon Sep 28 21:21:47 UTC 2026 fb check CHANGED (v8 log-only)
Mon Sep 28 21:21:58 UTC 2026 fb check CHANGED (v8 log-only)
Mon Sep 28 21:22:08 UTC 2026 fb check CHANGED (v8 log-only)
Mon Sep 28 21:22:19 UTC 2026 fb check CHANGED (v8 log-only)
Mon Sep 28 21:22:30 UTC 2026 fb check CHANGED (v8 log-only)
Mon Sep 28 21:22:46 UTC 2026 dl ok
Mon Sep 28 21:22:46 UTC 2026 image changed, render
Mon Sep 28 21:22:47 UTC 2026 fb archive /mnt/us/kf_fb/base_1790630566.raw 3104512 bytes sha256=6ed0efbb198a
Mon Sep 28 21:22:47 UTC 2026 render rc=0
Mon Sep 28 21:22:47 UTC 2026 fb check MATCH
Mon Sep 28 21:22:57 UTC 2026 fb check MATCH
Mon Sep 28 21:23:08 UTC 2026 fb check CHANGED (v8 log-only)
Mon Sep 28 21:23:08 UTC 2026 fb archive /mnt/us/kf_fb/chg_1790630588.raw 3104512 bytes sha256=beff12df29c3
Mon Sep 28 21:23:19 UTC 2026 fb check CHANGED (v8 log-only)
Mon Sep 28 21:23:30 UTC 2026 fb check CHANGED (v8 log-only)
Mon Sep 28 21:23:40 UTC 2026 fb check CHANGED (v8 log-only)
Mon Sep 28 21:23:51 UTC 2026 fb check CHANGED (v8 log-only)
Mon Sep 28 21:24:01 UTC 2026 fb check CHANGED (v8 log-only)
Mon Sep 28 21:24:12 UTC 2026 fb check CHANGED (v8 log-only)
Mon Sep 28 21:24:22 UTC 2026 fb check CHANGED (v8 log-only)
Mon Sep 28 21:24:33 UTC 2026 fb check CHANGED (v8 log-only)
Mon Sep 28 21:24:43 UTC 2026 fb check CHANGED (v8 log-only)
Mon Sep 28 21:24:54 UTC 2026 fb check CHANGED (v8 log-only)
Mon Sep 28 21:25:04 UTC 2026 fb check CHANGED (v8 log-only)
Mon Sep 28 21:25:15 UTC 2026 fb check CHANGED (v8 log-only)
Mon Sep 28 21:25:25 UTC 2026 fb check CHANGED (v8 log-only)
Mon Sep 28 21:25:36 UTC 2026 fb check CHANGED (v8 log-only)
Mon Sep 28 21:25:47 UTC 2026 fb check CHANGED (v8 log-only)
Mon Sep 28 21:25:57 UTC 2026 fb check CHANGED (v8 log-only)
Mon Sep 28 21:26:08 UTC 2026 fb check CHANGED (v8 log-only)
Mon Sep 28 21:26:18 UTC 2026 fb check CHANGED (v8 log-only)
Mon Sep 28 21:26:29 UTC 2026 fb check CHANGED (v8 log-only)
Mon Sep 28 21:26:39 UTC 2026 fb check CHANGED (v8 log-only)
Mon Sep 28 21:26:50 UTC 2026 fb check CHANGED (v8 log-only)
Mon Sep 28 21:27:00 UTC 2026 fb check CHANGED (v8 log-only)
Mon Sep 28 21:27:11 UTC 2026 fb check CHANGED (v8 log-only)
Mon Sep 28 21:27:21 UTC 2026 fb check CHANGED (v8 log-only)
Mon Sep 28 21:27:32 UTC 2026 fb check CHANGED (v8 log-only)
Mon Sep 28 21:27:43 UTC 2026 fb check CHANGED (v8 log-only)
Mon Sep 28 21:27:53 UTC 2026 fb check CHANGED (v8 log-only)
Mon Sep 28 21:28:10 UTC 2026 dl ok
Mon Sep 28 21:28:10 UTC 2026 image changed, render
Mon Sep 28 21:28:10 UTC 2026 fb archive /mnt/us/kf_fb/base_1790630890.raw 3104512 bytes sha256=022ea3df9ed4
Mon Sep 28 21:28:10 UTC 2026 render rc=0
Mon Sep 28 21:28:10 UTC 2026 fb check MATCH
Mon Sep 28 21:28:21 UTC 2026 fb check MATCH
Mon Sep 28 21:28:32 UTC 2026 fb check MATCH
Mon Sep 28 21:28:42 UTC 2026 fb check MATCH
Mon Sep 28 21:28:53 UTC 2026 fb check MATCH
Mon Sep 28 21:29:04 UTC 2026 fb check CHANGED (v8 log-only)
Mon Sep 28 21:29:04 UTC 2026 fb archive /mnt/us/kf_fb/chg_1790630944.raw 3104512 bytes sha256=c66e04d28daf
Mon Sep 28 21:29:15 UTC 2026 fb check CHANGED (v8 log-only)
Mon Sep 28 21:29:25 UTC 2026 fb check CHANGED (v8 log-only)
Mon Sep 28 21:29:36 UTC 2026 fb check CHANGED (v8 log-only)
Mon Sep 28 21:29:46 UTC 2026 fb check CHANGED (v8 log-only)
Mon Sep 28 21:29:57 UTC 2026 fb check CHANGED (v8 log-only)
Mon Sep 28 21:30:07 UTC 2026 fb check CHANGED (v8 log-only)
Mon Sep 28 21:30:18 UTC 2026 fb check CHANGED (v8 log-only)
Mon Sep 28 21:30:29 UTC 2026 fb check CHANGED (v8 log-only)
Mon Sep 28 21:30:39 UTC 2026 fb check CHANGED (v8 log-only)
Mon Sep 28 21:30:50 UTC 2026 fb check CHANGED (v8 log-only)
Mon Sep 28 21:31:00 UTC 2026 fb check CHANGED (v8 log-only)
Mon Sep 28 21:31:11 UTC 2026 fb check CHANGED (v8 log-only)
Mon Sep 28 21:31:21 UTC 2026 fb check CHANGED (v8 log-only)
Mon Sep 28 21:31:32 UTC 2026 fb check CHANGED (v8 log-only)
Mon Sep 28 21:31:42 UTC 2026 fb check CHANGED (v8 log-only)
Mon Sep 28 21:31:53 UTC 2026 fb check CHANGED (v8 log-only)
Mon Sep 28 21:32:03 UTC 2026 fb check CHANGED (v8 log-only)
Mon Sep 28 21:32:14 UTC 2026 fb check CHANGED (v8 log-only)
Mon Sep 28 21:32:25 UTC 2026 fb check CHANGED (v8 log-only)
Mon Sep 28 21:32:35 UTC 2026 fb check CHANGED (v8 log-only)
Mon Sep 28 21:32:46 UTC 2026 fb check CHANGED (v8 log-only)
Mon Sep 28 21:32:56 UTC 2026 fb check CHANGED (v8 log-only)
Mon Sep 28 21:33:07 UTC 2026 fb check CHANGED (v8 log-only)
Mon Sep 28 21:33:17 UTC 2026 fb check CHANGED (v8 log-only)
Mon Sep 28 21:33:34 UTC 2026 dl ok
Mon Sep 28 21:33:34 UTC 2026 image changed, render
Mon Sep 28 21:33:34 UTC 2026 fb archive /mnt/us/kf_fb/base_1790631214.raw 3104512 bytes sha256=31460a74c984
Mon Sep 28 21:33:34 UTC 2026 render rc=0
Mon Sep 28 21:33:35 UTC 2026 fb check MATCH
Mon Sep 28 21:33:45 UTC 2026 fb check MATCH
Mon Sep 28 21:33:56 UTC 2026 fb check MATCH
Mon Sep 28 21:34:06 UTC 2026 fb check CHANGED (v8 log-only)
Mon Sep 28 21:34:07 UTC 2026 fb archive /mnt/us/kf_fb/chg_1790631246.raw 3104512 bytes sha256=56fb412754df
Mon Sep 28 21:34:17 UTC 2026 fb check CHANGED (v8 log-only)
Mon Sep 28 21:34:28 UTC 2026 fb check CHANGED (v8 log-only)
Mon Sep 28 21:34:39 UTC 2026 fb check CHANGED (v8 log-only)
Mon Sep 28 21:34:49 UTC 2026 fb check CHANGED (v8 log-only)
Mon Sep 28 21:35:00 UTC 2026 fb check CHANGED (v8 log-only)
Mon Sep 28 21:35:10 UTC 2026 fb check CHANGED (v8 log-only)
Mon Sep 28 21:35:21 UTC 2026 fb check CHANGED (v8 log-only)
Mon Sep 28 21:35:31 UTC 2026 fb check CHANGED (v8 log-only)
Mon Sep 28 21:35:42 UTC 2026 fb check CHANGED (v8 log-only)
Mon Sep 28 21:35:52 UTC 2026 fb check CHANGED (v8 log-only)
Mon Sep 28 21:36:03 UTC 2026 fb check CHANGED (v8 log-only)
Mon Sep 28 21:36:13 UTC 2026 fb check CHANGED (v8 log-only)
Mon Sep 28 21:36:24 UTC 2026 fb check CHANGED (v8 log-only)
Mon Sep 28 21:36:34 UTC 2026 fb check CHANGED (v8 log-only)
Mon Sep 28 21:36:45 UTC 2026 fb check CHANGED (v8 log-only)
Mon Sep 28 21:36:56 UTC 2026 fb check CHANGED (v8 log-only)
Mon Sep 28 21:37:06 UTC 2026 fb check CHANGED (v8 log-only)
Mon Sep 28 21:37:17 UTC 2026 fb check CHANGED (v8 log-only)
Mon Sep 28 21:37:27 UTC 2026 fb check CHANGED (v8 log-only)
Mon Sep 28 21:37:38 UTC 2026 fb check CHANGED (v8 log-only)
Mon Sep 28 21:37:48 UTC 2026 fb check CHANGED (v8 log-only)
Mon Sep 28 21:37:59 UTC 2026 fb check CHANGED (v8 log-only)
Mon Sep 28 21:38:09 UTC 2026 fb check CHANGED (v8 log-only)
Mon Sep 28 21:38:20 UTC 2026 fb check CHANGED (v8 log-only)
Mon Sep 28 21:38:30 UTC 2026 fb check CHANGED (v8 log-only)
Mon Sep 28 21:38:41 UTC 2026 fb check CHANGED (v8 log-only)
Mon Sep 28 21:38:57 UTC 2026 dl ok
Mon Sep 28 21:38:58 UTC 2026 fb check CHANGED (v8 log-only)
Mon Sep 28 21:39:08 UTC 2026 fb check CHANGED (v8 log-only)
Mon Sep 28 21:39:19 UTC 2026 fb check CHANGED (v8 log-only)
Mon Sep 28 21:39:29 UTC 2026 fb check CHANGED (v8 log-only)
Mon Sep 28 21:39:40 UTC 2026 fb check CHANGED (v8 log-only)
Mon Sep 28 21:39:50 UTC 2026 fb check CHANGED (v8 log-only)
Mon Sep 28 21:40:01 UTC 2026 fb check CHANGED (v8 log-only)
Mon Sep 28 21:40:11 UTC 2026 fb check CHANGED (v8 log-only)
Mon Sep 28 21:40:22 UTC 2026 fb check CHANGED (v8 log-only)
Mon Sep 28 21:40:32 UTC 2026 fb check CHANGED (v8 log-only)
Mon Sep 28 21:40:43 UTC 2026 fb check CHANGED (v8 log-only)
Mon Sep 28 21:40:53 UTC 2026 fb check CHANGED (v8 log-only)
Mon Sep 28 21:41:04 UTC 2026 fb check CHANGED (v8 log-only)
Mon Sep 28 21:41:15 UTC 2026 fb check CHANGED (v8 log-only)
Mon Sep 28 21:41:25 UTC 2026 fb check CHANGED (v8 log-only)
Mon Sep 28 21:41:36 UTC 2026 fb check CHANGED (v8 log-only)
Mon Sep 28 21:41:46 UTC 2026 fb check CHANGED (v8 log-only)
Mon Sep 28 21:41:57 UTC 2026 fb check CHANGED (v8 log-only)
Mon Sep 28 21:42:07 UTC 2026 fb check CHANGED (v8 log-only)
Mon Sep 28 21:42:18 UTC 2026 fb check CHANGED (v8 log-only)
Mon Sep 28 21:42:28 UTC 2026 fb check CHANGED (v8 log-only)
Mon Sep 28 21:42:39 UTC 2026 fb check CHANGED (v8 log-only)
Mon Sep 28 21:42:49 UTC 2026 fb check CHANGED (v8 log-only)
Mon Sep 28 21:43:00 UTC 2026 fb check CHANGED (v8 log-only)
Mon Sep 28 21:43:11 UTC 2026 fb check CHANGED (v8 log-only)
Mon Sep 28 21:43:21 UTC 2026 fb check CHANGED (v8 log-only)
Mon Sep 28 21:43:32 UTC 2026 fb check CHANGED (v8 log-only)
Mon Sep 28 21:43:42 UTC 2026 fb check CHANGED (v8 log-only)
Mon Sep 28 21:43:53 UTC 2026 fb check CHANGED (v8 log-only)
Mon Sep 28 21:44:03 UTC 2026 fb check CHANGED (v8 log-only)
Mon Sep 28 21:44:20 UTC 2026 dl ok
Mon Sep 28 21:44:20 UTC 2026 fb check CHANGED (v8 log-only)
Mon Sep 28 21:44:30 UTC 2026 fb check CHANGED (v8 log-only)
Mon Sep 28 21:44:41 UTC 2026 fb check CHANGED (v8 log-only)
Mon Sep 28 21:44:51 UTC 2026 fb check CHANGED (v8 log-only)
Mon Sep 28 21:45:02 UTC 2026 fb check CHANGED (v8 log-only)
Mon Sep 28 21:45:12 UTC 2026 fb check CHANGED (v8 log-only)
Mon Sep 28 21:45:23 UTC 2026 fb check CHANGED (v8 log-only)
Mon Sep 28 21:45:34 UTC 2026 fb check CHANGED (v8 log-only)
Mon Sep 28 21:45:44 UTC 2026 fb check CHANGED (v8 log-only)
Mon Sep 28 21:45:55 UTC 2026 fb check CHANGED (v8 log-only)
Mon Sep 28 21:46:05 UTC 2026 fb check CHANGED (v8 log-only)
Mon Sep 28 21:46:16 UTC 2026 fb check CHANGED (v8 log-only)
Mon Sep 28 21:46:26 UTC 2026 fb check CHANGED (v8 log-only)
Mon Sep 28 21:46:37 UTC 2026 fb check CHANGED (v8 log-only)
Mon Sep 28 21:46:47 UTC 2026 fb check CHANGED (v8 log-only)
Mon Sep 28 21:46:58 UTC 2026 fb check CHANGED (v8 log-only)
Mon Sep 28 21:47:08 UTC 2026 fb check CHANGED (v8 log-only)
Mon Sep 28 21:47:19 UTC 2026 fb check CHANGED (v8 log-only)
Mon Sep 28 21:47:29 UTC 2026 fb check CHANGED (v8 log-only)
Mon Sep 28 21:47:40 UTC 2026 fb check CHANGED (v8 log-only)
Mon Sep 28 21:47:51 UTC 2026 fb check CHANGED (v8 log-only)
Mon Sep 28 21:48:01 UTC 2026 fb check CHANGED (v8 log-only)
Mon Sep 28 21:48:12 UTC 2026 fb check CHANGED (v8 log-only)
Mon Sep 28 21:48:22 UTC 2026 fb check CHANGED (v8 log-only)
Mon Sep 28 21:48:33 UTC 2026 fb check CHANGED (v8 log-only)
Mon Sep 28 21:48:43 UTC 2026 fb check CHANGED (v8 log-only)
Mon Sep 28 21:48:54 UTC 2026 fb check CHANGED (v8 log-only)
Mon Sep 28 21:49:04 UTC 2026 fb check CHANGED (v8 log-only)
Mon Sep 28 21:49:15 UTC 2026 fb check CHANGED (v8 log-only)
Mon Sep 28 21:49:25 UTC 2026 fb check CHANGED (v8 log-only)
Mon Sep 28 21:49:42 UTC 2026 dl ok
Mon Sep 28 21:49:42 UTC 2026 fb check CHANGED (v8 log-only)
Mon Sep 28 21:49:52 UTC 2026 fb check CHANGED (v8 log-only)
Mon Sep 28 21:50:03 UTC 2026 fb check CHANGED (v8 log-only)
Mon Sep 28 21:50:13 UTC 2026 fb check CHANGED (v8 log-only)
Mon Sep 28 21:50:24 UTC 2026 fb check CHANGED (v8 log-only)
Mon Sep 28 21:50:34 UTC 2026 fb check CHANGED (v8 log-only)
Mon Sep 28 21:50:45 UTC 2026 fb check CHANGED (v8 log-only)
Mon Sep 28 21:50:55 UTC 2026 fb check CHANGED (v8 log-only)
Mon Sep 28 21:51:06 UTC 2026 fb check CHANGED (v8 log-only)
Mon Sep 28 21:51:17 UTC 2026 fb check CHANGED (v8 log-only)
Mon Sep 28 21:51:27 UTC 2026 fb check CHANGED (v8 log-only)
Mon Sep 28 21:51:38 UTC 2026 fb check CHANGED (v8 log-only)
Mon Sep 28 21:51:48 UTC 2026 fb check CHANGED (v8 log-only)
Mon Sep 28 21:51:59 UTC 2026 fb check CHANGED (v8 log-only)
Mon Sep 28 21:52:09 UTC 2026 fb check CHANGED (v8 log-only)
Mon Sep 28 21:52:20 UTC 2026 fb check CHANGED (v8 log-only)
Mon Sep 28 21:52:30 UTC 2026 fb check CHANGED (v8 log-only)
Mon Sep 28 21:52:41 UTC 2026 fb check CHANGED (v8 log-only)
Mon Sep 28 21:52:51 UTC 2026 fb check CHANGED (v8 log-only)
Mon Sep 28 21:53:02 UTC 2026 fb check CHANGED (v8 log-only)
Mon Sep 28 21:53:13 UTC 2026 fb check CHANGED (v8 log-only)
Mon Sep 28 21:53:23 UTC 2026 fb check CHANGED (v8 log-only)
Mon Sep 28 21:53:34 UTC 2026 fb check CHANGED (v8 log-only)
Mon Sep 28 21:53:44 UTC 2026 fb check CHANGED (v8 log-only)
Mon Sep 28 21:53:55 UTC 2026 fb check CHANGED (v8 log-only)
Mon Sep 28 21:54:05 UTC 2026 fb check CHANGED (v8 log-only)
Mon Sep 28 21:54:16 UTC 2026 fb check CHANGED (v8 log-only)
Mon Sep 28 21:54:26 UTC 2026 fb check CHANGED (v8 log-only)
Mon Sep 28 21:54:37 UTC 2026 fb check CHANGED (v8 log-only)
Mon Sep 28 21:54:47 UTC 2026 fb check CHANGED (v8 log-only)
Mon Sep 28 21:55:04 UTC 2026 dl ok
Mon Sep 28 21:55:04 UTC 2026 fb check CHANGED (v8 log-only)
Mon Sep 28 21:55:14 UTC 2026 fb check CHANGED (v8 log-only)
Mon Sep 28 21:55:25 UTC 2026 fb check CHANGED (v8 log-only)
Mon Sep 28 21:55:35 UTC 2026 fb check CHANGED (v8 log-only)
Mon Sep 28 21:55:46 UTC 2026 fb check CHANGED (v8 log-only)
Mon Sep 28 21:55:57 UTC 2026 fb check CHANGED (v8 log-only)
Mon Sep 28 21:56:07 UTC 2026 fb check CHANGED (v8 log-only)
Mon Sep 28 21:56:18 UTC 2026 fb check CHANGED (v8 log-only)
Mon Sep 28 21:56:28 UTC 2026 fb check CHANGED (v8 log-only)
Mon Sep 28 21:56:39 UTC 2026 fb check CHANGED (v8 log-only)
Mon Sep 28 21:56:49 UTC 2026 fb check CHANGED (v8 log-only)
Mon Sep 28 21:57:00 UTC 2026 fb check CHANGED (v8 log-only)
Mon Sep 28 21:57:10 UTC 2026 fb check CHANGED (v8 log-only)
Mon Sep 28 21:57:21 UTC 2026 fb check CHANGED (v8 log-only)
Mon Sep 28 21:57:31 UTC 2026 fb check CHANGED (v8 log-only)
Mon Sep 28 21:57:42 UTC 2026 fb check CHANGED (v8 log-only)
Mon Sep 28 21:57:53 UTC 2026 fb check CHANGED (v8 log-only)
Mon Sep 28 21:58:03 UTC 2026 fb check CHANGED (v8 log-only)
Mon Sep 28 21:58:14 UTC 2026 fb check CHANGED (v8 log-only)
Mon Sep 28 21:58:24 UTC 2026 fb check CHANGED (v8 log-only)
Mon Sep 28 21:58:35 UTC 2026 fb check CHANGED (v8 log-only)
Mon Sep 28 21:58:45 UTC 2026 fb check CHANGED (v8 log-only)
Mon Sep 28 21:58:56 UTC 2026 fb check CHANGED (v8 log-only)
Mon Sep 28 21:59:06 UTC 2026 fb check CHANGED (v8 log-only)
Mon Sep 28 21:59:17 UTC 2026 fb check CHANGED (v8 log-only)
Mon Sep 28 21:59:27 UTC 2026 fb check CHANGED (v8 log-only)
Mon Sep 28 21:59:38 UTC 2026 fb check CHANGED (v8 log-only)
Mon Sep 28 21:59:49 UTC 2026 fb check CHANGED (v8 log-only)
Mon Sep 28 21:59:59 UTC 2026 fb check CHANGED (v8 log-only)
Mon Sep 28 22:00:10 UTC 2026 fb check CHANGED (v8 log-only)
Mon Sep 28 22:00:26 UTC 2026 dl ok
Mon Sep 28 22:00:26 UTC 2026 fb check CHANGED (v8 log-only)
Mon Sep 28 22:00:36 UTC 2026 fb check CHANGED (v8 log-only)
Mon Sep 28 22:00:47 UTC 2026 fb check CHANGED (v8 log-only)
Mon Sep 28 22:00:58 UTC 2026 fb check CHANGED (v8 log-only)
Mon Sep 28 22:01:08 UTC 2026 fb check CHANGED (v8 log-only)
Mon Sep 28 22:01:19 UTC 2026 fb check CHANGED (v8 log-only)
Mon Sep 28 22:01:29 UTC 2026 fb check CHANGED (v8 log-only)
Mon Sep 28 22:01:40 UTC 2026 fb check CHANGED (v8 log-only)
Mon Sep 28 22:01:50 UTC 2026 fb check CHANGED (v8 log-only)
Mon Sep 28 22:02:01 UTC 2026 fb check CHANGED (v8 log-only)
Mon Sep 28 22:02:11 UTC 2026 fb check CHANGED (v8 log-only)
Mon Sep 28 22:02:22 UTC 2026 fb check CHANGED (v8 log-only)
Mon Sep 28 22:02:32 UTC 2026 fb check CHANGED (v8 log-only)
Mon Sep 28 22:02:43 UTC 2026 fb check CHANGED (v8 log-only)
Mon Sep 28 22:02:54 UTC 2026 fb check CHANGED (v8 log-only)
Mon Sep 28 22:03:04 UTC 2026 fb check CHANGED (v8 log-only)
Mon Sep 28 22:03:15 UTC 2026 fb check CHANGED (v8 log-only)
Mon Sep 28 22:03:25 UTC 2026 fb check CHANGED (v8 log-only)
Mon Sep 28 22:03:36 UTC 2026 fb check CHANGED (v8 log-only)
Mon Sep 28 22:03:46 UTC 2026 fb check CHANGED (v8 log-only)
Mon Sep 28 22:03:57 UTC 2026 fb check CHANGED (v8 log-only)
Mon Sep 28 22:04:07 UTC 2026 fb check CHANGED (v8 log-only)
Mon Sep 28 22:04:18 UTC 2026 fb check CHANGED (v8 log-only)
Mon Sep 28 22:04:28 UTC 2026 fb check CHANGED (v8 log-only)
Mon Sep 28 22:04:39 UTC 2026 fb check CHANGED (v8 log-only)
Mon Sep 28 22:04:49 UTC 2026 fb check CHANGED (v8 log-only)
Mon Sep 28 22:05:00 UTC 2026 fb check CHANGED (v8 log-only)
Mon Sep 28 22:05:11 UTC 2026 fb check CHANGED (v8 log-only)
Mon Sep 28 22:05:21 UTC 2026 fb check CHANGED (v8 log-only)
Mon Sep 28 22:05:32 UTC 2026 fb check CHANGED (v8 log-only)
Mon Sep 28 22:05:48 UTC 2026 dl ok
Mon Sep 28 22:05:48 UTC 2026 fb check CHANGED (v8 log-only)
Mon Sep 28 22:05:59 UTC 2026 fb check CHANGED (v8 log-only)
Mon Sep 28 22:06:09 UTC 2026 fb check CHANGED (v8 log-only)
Mon Sep 28 22:06:20 UTC 2026 fb check CHANGED (v8 log-only)
Mon Sep 28 22:06:30 UTC 2026 fb check CHANGED (v8 log-only)
Mon Sep 28 22:06:41 UTC 2026 fb check CHANGED (v8 log-only)
Mon Sep 28 22:06:51 UTC 2026 fb check CHANGED (v8 log-only)
Mon Sep 28 22:07:02 UTC 2026 fb check CHANGED (v8 log-only)
Mon Sep 28 22:07:12 UTC 2026 fb check CHANGED (v8 log-only)
Mon Sep 28 22:07:23 UTC 2026 fb check CHANGED (v8 log-only)
Mon Sep 28 22:07:34 UTC 2026 fb check CHANGED (v8 log-only)
Mon Sep 28 22:07:44 UTC 2026 fb check CHANGED (v8 log-only)
Mon Sep 28 22:07:55 UTC 2026 fb check CHANGED (v8 log-only)
Mon Sep 28 22:08:05 UTC 2026 fb check CHANGED (v8 log-only)
Mon Sep 28 22:08:16 UTC 2026 fb check CHANGED (v8 log-only)
Mon Sep 28 22:08:26 UTC 2026 fb check CHANGED (v8 log-only)
Mon Sep 28 22:08:37 UTC 2026 fb check CHANGED (v8 log-only)
Mon Sep 28 22:08:47 UTC 2026 fb check CHANGED (v8 log-only)
Mon Sep 28 22:08:58 UTC 2026 fb check CHANGED (v8 log-only)
Mon Sep 28 22:09:08 UTC 2026 fb check CHANGED (v8 log-only)
Mon Sep 28 22:09:19 UTC 2026 fb check CHANGED (v8 log-only)
Mon Sep 28 22:09:29 UTC 2026 fb check CHANGED (v8 log-only)
Mon Sep 28 22:09:40 UTC 2026 fb check CHANGED (v8 log-only)
Mon Sep 28 22:09:51 UTC 2026 fb check CHANGED (v8 log-only)
Mon Sep 28 22:10:01 UTC 2026 fb check CHANGED (v8 log-only)
Mon Sep 28 22:10:12 UTC 2026 fb check CHANGED (v8 log-only)
Mon Sep 28 22:10:22 UTC 2026 fb check CHANGED (v8 log-only)
Mon Sep 28 22:10:33 UTC 2026 fb check CHANGED (v8 log-only)
Mon Sep 28 22:10:43 UTC 2026 fb check CHANGED (v8 log-only)
Mon Sep 28 22:10:54 UTC 2026 fb check CHANGED (v8 log-only)
Mon Sep 28 22:11:10 UTC 2026 dl ok
Mon Sep 28 22:11:10 UTC 2026 fb check CHANGED (v8 log-only)
Mon Sep 28 22:11:21 UTC 2026 fb check CHANGED (v8 log-only)
Mon Sep 28 22:11:31 UTC 2026 fb check CHANGED (v8 log-only)
Mon Sep 28 22:11:42 UTC 2026 fb check CHANGED (v8 log-only)
Mon Sep 28 22:11:52 UTC 2026 fb check CHANGED (v8 log-only)
Mon Sep 28 22:12:03 UTC 2026 fb check CHANGED (v8 log-only)
Mon Sep 28 22:12:14 UTC 2026 fb check CHANGED (v8 log-only)
Mon Sep 28 22:12:24 UTC 2026 fb check CHANGED (v8 log-only)
Mon Sep 28 22:12:35 UTC 2026 fb check CHANGED (v8 log-only)
Mon Sep 28 22:12:45 UTC 2026 fb check CHANGED (v8 log-only)
Mon Sep 28 22:12:56 UTC 2026 fb check CHANGED (v8 log-only)
Mon Sep 28 22:13:06 UTC 2026 fb check CHANGED (v8 log-only)
Mon Sep 28 22:13:17 UTC 2026 fb check CHANGED (v8 log-only)
Mon Sep 28 22:13:27 UTC 2026 fb check CHANGED (v8 log-only)
Mon Sep 28 22:13:38 UTC 2026 fb check CHANGED (v8 log-only)
Mon Sep 28 22:13:48 UTC 2026 fb check CHANGED (v8 log-only)
Mon Sep 28 22:13:59 UTC 2026 fb check CHANGED (v8 log-only)
Mon Sep 28 22:14:10 UTC 2026 fb check CHANGED (v8 log-only)
Mon Sep 28 22:14:20 UTC 2026 fb check CHANGED (v8 log-only)
Mon Sep 28 22:14:31 UTC 2026 fb check CHANGED (v8 log-only)
Mon Sep 28 22:14:41 UTC 2026 fb check CHANGED (v8 log-only)
Mon Sep 28 22:14:52 UTC 2026 fb check CHANGED (v8 log-only)
Mon Sep 28 22:15:02 UTC 2026 fb check CHANGED (v8 log-only)
Mon Sep 28 22:15:13 UTC 2026 fb check CHANGED (v8 log-only)
Mon Sep 28 22:15:23 UTC 2026 fb check CHANGED (v8 log-only)
Mon Sep 28 22:15:34 UTC 2026 fb check CHANGED (v8 log-only)
Mon Sep 28 22:15:44 UTC 2026 fb check CHANGED (v8 log-only)
Mon Sep 28 22:15:55 UTC 2026 fb check CHANGED (v8 log-only)
Mon Sep 28 22:16:05 UTC 2026 fb check CHANGED (v8 log-only)
Mon Sep 28 22:16:16 UTC 2026 fb check CHANGED (v8 log-only)
Mon Sep 28 22:16:32 UTC 2026 dl ok
Mon Sep 28 22:16:32 UTC 2026 fb check CHANGED (v8 log-only)
Mon Sep 28 22:16:43 UTC 2026 fb check CHANGED (v8 log-only)
Mon Sep 28 22:16:53 UTC 2026 fb check CHANGED (v8 log-only)
Mon Sep 28 22:17:04 UTC 2026 fb check CHANGED (v8 log-only)
Mon Sep 28 22:17:14 UTC 2026 fb check CHANGED (v8 log-only)
Mon Sep 28 22:17:25 UTC 2026 fb check CHANGED (v8 log-only)
Mon Sep 28 22:17:36 UTC 2026 fb check CHANGED (v8 log-only)
Mon Sep 28 22:17:46 UTC 2026 fb check CHANGED (v8 log-only)
Mon Sep 28 22:17:57 UTC 2026 fb check CHANGED (v8 log-only)
Mon Sep 28 22:18:07 UTC 2026 fb check CHANGED (v8 log-only)
Mon Sep 28 22:18:18 UTC 2026 fb check CHANGED (v8 log-only)
Mon Sep 28 22:18:28 UTC 2026 fb check CHANGED (v8 log-only)
Mon Sep 28 22:18:39 UTC 2026 fb check CHANGED (v8 log-only)
Mon Sep 28 22:18:49 UTC 2026 fb check CHANGED (v8 log-only)
Mon Sep 28 22:19:00 UTC 2026 fb check CHANGED (v8 log-only)
Mon Sep 28 22:19:10 UTC 2026 fb check CHANGED (v8 log-only)
Mon Sep 28 22:19:21 UTC 2026 fb check CHANGED (v8 log-only)
Mon Sep 28 22:19:31 UTC 2026 fb check CHANGED (v8 log-only)
Mon Sep 28 22:19:42 UTC 2026 fb check CHANGED (v8 log-only)
Mon Sep 28 22:19:53 UTC 2026 fb check CHANGED (v8 log-only)
Mon Sep 28 22:20:03 UTC 2026 fb check CHANGED (v8 log-only)
Mon Sep 28 22:20:14 UTC 2026 fb check CHANGED (v8 log-only)
Mon Sep 28 22:20:24 UTC 2026 fb check CHANGED (v8 log-only)
Mon Sep 28 22:20:35 UTC 2026 fb check CHANGED (v8 log-only)
Mon Sep 28 22:20:45 UTC 2026 fb check CHANGED (v8 log-only)
Mon Sep 28 22:20:56 UTC 2026 fb check CHANGED (v8 log-only)
Mon Sep 28 22:21:06 UTC 2026 fb check CHANGED (v8 log-only)
Mon Sep 28 22:21:17 UTC 2026 fb check CHANGED (v8 log-only)
Mon Sep 28 22:21:27 UTC 2026 fb check CHANGED (v8 log-only)
Mon Sep 28 22:21:38 UTC 2026 fb check CHANGED (v8 log-only)
Mon Sep 28 22:21:55 UTC 2026 dl ok
Mon Sep 28 22:21:55 UTC 2026 image changed, render
Mon Sep 28 22:21:56 UTC 2026 fb archive /mnt/us/kf_fb/base_1790634115.raw 3104512 bytes sha256=828ffbab115e
Mon Sep 28 22:21:56 UTC 2026 render rc=0
Mon Sep 28 22:21:56 UTC 2026 fb check MATCH
Mon Sep 28 22:22:07 UTC 2026 fb check CHANGED (v8 log-only)
Mon Sep 28 22:22:07 UTC 2026 fb archive /mnt/us/kf_fb/chg_1790634127.raw 3104512 bytes sha256=f949d4cad481
Mon Sep 28 22:22:18 UTC 2026 fb check CHANGED (v8 log-only)
Mon Sep 28 22:22:28 UTC 2026 fb check CHANGED (v8 log-only)
Mon Sep 28 22:22:39 UTC 2026 fb check CHANGED (v8 log-only)
Mon Sep 28 22:22:49 UTC 2026 fb check CHANGED (v8 log-only)
Mon Sep 28 22:23:00 UTC 2026 fb check CHANGED (v8 log-only)
Mon Sep 28 22:23:10 UTC 2026 fb check CHANGED (v8 log-only)
Mon Sep 28 22:23:21 UTC 2026 fb check CHANGED (v8 log-only)
Mon Sep 28 22:23:31 UTC 2026 fb check CHANGED (v8 log-only)
Mon Sep 28 22:23:42 UTC 2026 fb check CHANGED (v8 log-only)
Mon Sep 28 22:23:52 UTC 2026 fb check CHANGED (v8 log-only)
Mon Sep 28 22:24:03 UTC 2026 fb check CHANGED (v8 log-only)
Mon Sep 28 22:24:14 UTC 2026 fb check CHANGED (v8 log-only)
Mon Sep 28 22:24:24 UTC 2026 fb check CHANGED (v8 log-only)
Mon Sep 28 22:24:35 UTC 2026 fb check CHANGED (v8 log-only)
Mon Sep 28 22:24:45 UTC 2026 fb check CHANGED (v8 log-only)
Mon Sep 28 22:24:56 UTC 2026 fb check CHANGED (v8 log-only)
Mon Sep 28 22:25:06 UTC 2026 fb check CHANGED (v8 log-only)
Mon Sep 28 22:25:17 UTC 2026 fb check CHANGED (v8 log-only)
Mon Sep 28 22:25:27 UTC 2026 fb check CHANGED (v8 log-only)
Mon Sep 28 22:25:38 UTC 2026 fb check CHANGED (v8 log-only)
Mon Sep 28 22:25:48 UTC 2026 fb check CHANGED (v8 log-only)
Mon Sep 28 22:25:59 UTC 2026 fb check CHANGED (v8 log-only)
Mon Sep 28 22:26:10 UTC 2026 fb check CHANGED (v8 log-only)
Mon Sep 28 22:26:20 UTC 2026 fb check CHANGED (v8 log-only)
Mon Sep 28 22:26:31 UTC 2026 fb check CHANGED (v8 log-only)
Mon Sep 28 22:26:41 UTC 2026 fb check CHANGED (v8 log-only)
Mon Sep 28 22:26:52 UTC 2026 fb check CHANGED (v8 log-only)
Mon Sep 28 22:27:02 UTC 2026 fb check CHANGED (v8 log-only)
Mon Sep 28 22:27:19 UTC 2026 dl ok
Mon Sep 28 22:27:19 UTC 2026 image changed, render
Mon Sep 28 22:27:20 UTC 2026 fb archive /mnt/us/kf_fb/base_1790634440.raw 3104512 bytes sha256=94901a8bae7d
Mon Sep 28 22:27:20 UTC 2026 render rc=0
Mon Sep 28 22:27:20 UTC 2026 fb check MATCH
Mon Sep 28 22:27:31 UTC 2026 fb check MATCH
Mon Sep 28 22:27:42 UTC 2026 fb check CHANGED (v8 log-only)
Mon Sep 28 22:27:42 UTC 2026 fb archive /mnt/us/kf_fb/chg_1790634462.raw 3104512 bytes sha256=a3d0362dac11
Mon Sep 28 22:27:53 UTC 2026 fb check CHANGED (v8 log-only)
Mon Sep 28 22:28:03 UTC 2026 fb check CHANGED (v8 log-only)
Mon Sep 28 22:28:14 UTC 2026 fb check CHANGED (v8 log-only)
Mon Sep 28 22:28:24 UTC 2026 fb check CHANGED (v8 log-only)
Mon Sep 28 22:28:35 UTC 2026 fb check CHANGED (v8 log-only)
Mon Sep 28 22:28:45 UTC 2026 fb check CHANGED (v8 log-only)
Mon Sep 28 22:28:56 UTC 2026 fb check CHANGED (v8 log-only)
Mon Sep 28 22:29:06 UTC 2026 fb check CHANGED (v8 log-only)
Mon Sep 28 22:29:17 UTC 2026 fb check CHANGED (v8 log-only)
Mon Sep 28 22:29:28 UTC 2026 fb check CHANGED (v8 log-only)
Mon Sep 28 22:29:38 UTC 2026 fb check CHANGED (v8 log-only)
Mon Sep 28 22:29:49 UTC 2026 fb check CHANGED (v8 log-only)
Mon Sep 28 22:29:59 UTC 2026 fb check CHANGED (v8 log-only)
Mon Sep 28 22:30:10 UTC 2026 fb check CHANGED (v8 log-only)
Mon Sep 28 22:30:20 UTC 2026 fb check CHANGED (v8 log-only)
Mon Sep 28 22:30:31 UTC 2026 fb check CHANGED (v8 log-only)
Mon Sep 28 22:30:41 UTC 2026 fb check CHANGED (v8 log-only)
Mon Sep 28 22:30:52 UTC 2026 fb check CHANGED (v8 log-only)
Mon Sep 28 22:31:02 UTC 2026 fb check CHANGED (v8 log-only)
Mon Sep 28 22:31:13 UTC 2026 fb check CHANGED (v8 log-only)
Mon Sep 28 22:31:23 UTC 2026 fb check CHANGED (v8 log-only)
Mon Sep 28 22:31:34 UTC 2026 fb check CHANGED (v8 log-only)
Mon Sep 28 22:31:45 UTC 2026 fb check CHANGED (v8 log-only)
Mon Sep 28 22:31:55 UTC 2026 fb check CHANGED (v8 log-only)
Mon Sep 28 22:32:06 UTC 2026 fb check CHANGED (v8 log-only)
Mon Sep 28 22:32:16 UTC 2026 fb check CHANGED (v8 log-only)
Mon Sep 28 22:32:27 UTC 2026 fb check CHANGED (v8 log-only)
get: https://automation.sieper.uk/webhook/last-rabbit-recognition-frame: Get "https://automation.sieper.uk/webhook/last-rabbit-recognition-frame": read tcp 192.168.178.136:53255->172.67.133.163:443: read: connection timed out
Mon Sep 28 22:32:44 UTC 2026 dl rc=1
Mon Sep 28 22:32:44 UTC 2026 fb check CHANGED (v8 log-only)
Mon Sep 28 22:32:55 UTC 2026 fb check CHANGED (v8 log-only)
Mon Sep 28 22:33:05 UTC 2026 fb check CHANGED (v8 log-only)
Mon Sep 28 22:33:16 UTC 2026 fb check CHANGED (v8 log-only)
Mon Sep 28 22:33:26 UTC 2026 fb check CHANGED (v8 log-only)
Mon Sep 28 22:33:37 UTC 2026 fb check CHANGED (v8 log-only)
Mon Sep 28 22:33:47 UTC 2026 fb check CHANGED (v8 log-only)
Mon Sep 28 22:33:58 UTC 2026 fb check CHANGED (v8 log-only)
Mon Sep 28 22:34:08 UTC 2026 fb check CHANGED (v8 log-only)
Mon Sep 28 22:34:19 UTC 2026 fb check CHANGED (v8 log-only)
Mon Sep 28 22:34:30 UTC 2026 fb check CHANGED (v8 log-only)
Mon Sep 28 22:34:40 UTC 2026 fb check CHANGED (v8 log-only)
Mon Sep 28 22:34:51 UTC 2026 fb check CHANGED (v8 log-only)
Mon Sep 28 22:35:01 UTC 2026 fb check CHANGED (v8 log-only)
Mon Sep 28 22:35:12 UTC 2026 fb check CHANGED (v8 log-only)
Mon Sep 28 22:35:22 UTC 2026 fb check CHANGED (v8 log-only)
Mon Sep 28 22:35:33 UTC 2026 fb check CHANGED (v8 log-only)
Mon Sep 28 22:35:43 UTC 2026 fb check CHANGED (v8 log-only)
Tue Sep 29 12:48:29 UTC 2026 fb check CHANGED (v8 log-only)
Tue Sep 29 12:48:40 UTC 2026 fb check CHANGED (v8 log-only)
Tue Sep 29 12:50:11 UTC 2026 staged dash size 5243032
Tue Sep 29 12:50:11 UTC 2026 v9 start pid=5923
Tue Sep 29 12:50:11 UTC 2026 clock check 1790686211
Tue Sep 29 12:50:12 UTC 2026 boot: restored cache
Tue Sep 29 12:50:12 UTC 2026 boot render
Tue Sep 29 12:50:16 UTC 2026 fb archive /mnt/us/kf_fb/base_1790686214.raw 3104512 bytes sha256=94901a8bae7d
Tue Sep 29 12:50:16 UTC 2026 boot render rc=0
Tue Sep 29 12:50:20 UTC 2026 fb check MATCH
Tue Sep 29 12:50:32 UTC 2026 fb archive /mnt/us/kf_fb/chg_1790686231.raw 3104512 bytes sha256=ae7f00bfb605
Tue Sep 29 12:50:32 UTC 2026 fb check CHANGED (stable 0s)
Tue Sep 29 12:50:42 UTC 2026 boot window re-render @20s
Tue Sep 29 12:50:43 UTC 2026 fb archive /mnt/us/kf_fb/base_1790686243.raw 3104512 bytes sha256=94901a8bae7d
Tue Sep 29 12:50:43 UTC 2026 boot window render rc=0
Tue Sep 29 12:50:43 UTC 2026 fb check MATCH
Tue Sep 29 12:50:54 UTC 2026 fb archive /mnt/us/kf_fb/chg_1790686254.raw 3104512 bytes sha256=321988ffc170
Tue Sep 29 12:50:54 UTC 2026 fb check CHANGED (stable 0s)
Tue Sep 29 12:51:05 UTC 2026 fb check CHANGED (stable 0s)
Tue Sep 29 12:51:16 UTC 2026 boot window re-render @60s
Tue Sep 29 12:51:16 UTC 2026 fb archive /mnt/us/kf_fb/base_1790686276.raw 3104512 bytes sha256=94901a8bae7d
Tue Sep 29 12:51:16 UTC 2026 boot window render rc=0
Tue Sep 29 12:51:16 UTC 2026 fb check MATCH
Tue Sep 29 12:51:27 UTC 2026 fb check MATCH
Tue Sep 29 12:51:38 UTC 2026 fb archive /mnt/us/kf_fb/chg_1790686298.raw 3104512 bytes sha256=5e85088fb046
Tue Sep 29 12:51:38 UTC 2026 fb check CHANGED (stable 0s)
Tue Sep 29 12:51:49 UTC 2026 fb check CHANGED (stable 11s)
Tue Sep 29 12:52:00 UTC 2026 fb check CHANGED (stable 0s)
Tue Sep 29 12:52:10 UTC 2026 fb check CHANGED (stable 0s)
Tue Sep 29 12:52:21 UTC 2026 fb check CHANGED (stable 11s)
Tue Sep 29 12:52:31 UTC 2026 fb check CHANGED (stable 21s)
Tue Sep 29 12:52:42 UTC 2026 fb check CHANGED (stable 32s)
Tue Sep 29 12:52:42 UTC 2026 restore: overpaint stable 32s -> re-render
Tue Sep 29 12:52:43 UTC 2026 fb archive /mnt/us/kf_fb/base_1790686362.raw 3104512 bytes sha256=94901a8bae7d
Tue Sep 29 12:52:43 UTC 2026 restore render rc=0
Tue Sep 29 12:52:53 UTC 2026 boot window re-render @150s
Tue Sep 29 12:52:54 UTC 2026 fb archive /mnt/us/kf_fb/base_1790686374.raw 3104512 bytes sha256=94901a8bae7d
Tue Sep 29 12:52:54 UTC 2026 boot window render rc=0
Tue Sep 29 12:52:54 UTC 2026 fb check MATCH
Tue Sep 29 12:53:05 UTC 2026 fb archive /mnt/us/kf_fb/chg_1790686385.raw 3104512 bytes sha256=bfdbad7009af
Tue Sep 29 12:53:05 UTC 2026 fb check CHANGED (stable 0s)
Tue Sep 29 12:53:16 UTC 2026 fb check CHANGED (stable 0s)
Tue Sep 29 12:53:27 UTC 2026 fb check CHANGED (stable 10s)
Tue Sep 29 12:53:37 UTC 2026 fb check CHANGED (stable 21s)
Tue Sep 29 12:53:48 UTC 2026 fb check CHANGED (stable 32s)
Tue Sep 29 12:53:48 UTC 2026 restore: overpaint stable 32s -> re-render
Tue Sep 29 12:53:49 UTC 2026 fb archive /mnt/us/kf_fb/base_1790686428.raw 3104512 bytes sha256=94901a8bae7d
Tue Sep 29 12:53:49 UTC 2026 restore render rc=0
Tue Sep 29 12:54:00 UTC 2026 fb archive /mnt/us/kf_fb/chg_1790686439.raw 3104512 bytes sha256=5e85088fb046
Tue Sep 29 12:54:00 UTC 2026 fb check CHANGED (stable 0s)
Tue Sep 29 12:54:10 UTC 2026 fb check CHANGED (stable 0s)
Tue Sep 29 12:54:21 UTC 2026 fb check CHANGED (stable 11s)
Tue Sep 29 12:54:32 UTC 2026 fb check CHANGED (stable 21s)
Tue Sep 29 12:54:42 UTC 2026 fb check CHANGED (stable 0s)
Tue Sep 29 12:54:53 UTC 2026 fb check CHANGED (stable 11s)
Tue Sep 29 12:55:03 UTC 2026 fb check CHANGED (stable 0s)
Tue Sep 29 12:55:14 UTC 2026 fb check CHANGED (stable 11s)
Tue Sep 29 12:55:25 UTC 2026 boot window re-render @300s
Tue Sep 29 12:55:25 UTC 2026 fb archive /mnt/us/kf_fb/base_1790686525.raw 3104512 bytes sha256=94901a8bae7d
Tue Sep 29 12:55:25 UTC 2026 boot window render rc=0
Tue Sep 29 12:55:25 UTC 2026 fb check MATCH
Tue Sep 29 12:55:42 UTC 2026 dl ok
Tue Sep 29 12:55:42 UTC 2026 image changed, render
Tue Sep 29 12:55:43 UTC 2026 fb archive /mnt/us/kf_fb/base_1790686543.raw 3104512 bytes sha256=788828a9b3b6
Tue Sep 29 12:55:43 UTC 2026 render rc=0
Tue Sep 29 12:55:43 UTC 2026 fb check MATCH
Tue Sep 29 12:55:54 UTC 2026 fb archive /mnt/us/kf_fb/chg_1790686554.raw 3104512 bytes sha256=5c5486ba1741
Tue Sep 29 12:55:54 UTC 2026 fb check CHANGED (stable 0s)
Tue Sep 29 12:56:05 UTC 2026 fb check CHANGED (stable 0s)
Tue Sep 29 12:56:16 UTC 2026 fb check CHANGED (stable 10s)
Tue Sep 29 12:56:26 UTC 2026 fb check CHANGED (stable 21s)
Tue Sep 29 12:56:37 UTC 2026 fb check CHANGED (stable 32s)
Tue Sep 29 12:56:37 UTC 2026 restore: overpaint stable 32s -> re-render
Tue Sep 29 12:56:38 UTC 2026 fb archive /mnt/us/kf_fb/base_1790686597.raw 3104512 bytes sha256=788828a9b3b6
Tue Sep 29 12:56:38 UTC 2026 restore render rc=0
Tue Sep 29 12:56:48 UTC 2026 fb check MATCH
Tue Sep 29 12:56:59 UTC 2026 fb check MATCH
Tue Sep 29 12:57:10 UTC 2026 fb archive /mnt/us/kf_fb/chg_1790686630.raw 3104512 bytes sha256=06ed78fe10d4
Tue Sep 29 12:57:10 UTC 2026 fb check CHANGED (stable 0s)
Tue Sep 29 12:57:21 UTC 2026 fb check CHANGED (stable 11s)
Tue Sep 29 12:57:32 UTC 2026 fb check CHANGED (stable 21s)
Tue Sep 29 12:57:42 UTC 2026 fb check CHANGED (stable 0s)
Tue Sep 29 12:57:53 UTC 2026 fb check CHANGED (stable 0s)
Tue Sep 29 12:58:03 UTC 2026 fb check CHANGED (stable 0s)
Tue Sep 29 12:58:14 UTC 2026 fb check CHANGED (stable 11s)
Tue Sep 29 12:58:25 UTC 2026 fb check CHANGED (stable 21s)
Tue Sep 29 12:58:35 UTC 2026 fb check CHANGED (stable 0s)
Tue Sep 29 12:58:46 UTC 2026 fb check CHANGED (stable 11s)
Tue Sep 29 12:58:56 UTC 2026 fb check CHANGED (stable 0s)
Tue Sep 29 12:59:07 UTC 2026 fb check CHANGED (stable 0s)
Tue Sep 29 12:59:17 UTC 2026 fb check CHANGED (stable 0s)
Tue Sep 29 12:59:28 UTC 2026 fb check CHANGED (stable 11s)
Tue Sep 29 12:59:39 UTC 2026 fb check CHANGED (stable 0s)
Tue Sep 29 12:59:49 UTC 2026 fb check CHANGED (stable 0s)
Tue Sep 29 13:00:01 UTC 2026 fb check CHANGED (stable 0s)
Tue Sep 29 13:00:11 UTC 2026 fb check CHANGED (stable 10s)
Tue Sep 29 13:00:22 UTC 2026 fb check CHANGED (stable 21s)
Tue Sep 29 13:00:33 UTC 2026 fb check CHANGED (stable 32s)
Tue Sep 29 13:00:33 UTC 2026 restore BLOCKED (rate limit 3/h)
Tue Sep 29 13:00:44 UTC 2026 fb check CHANGED (stable 42s)
Tue Sep 29 13:00:54 UTC 2026 fb check CHANGED (stable 0s)
Tue Sep 29 13:01:11 UTC 2026 dl ok
Tue Sep 29 13:01:11 UTC 2026 fb check CHANGED (stable 0s)
Tue Sep 29 13:01:21 UTC 2026 fb check CHANGED (stable 10s)
Tue Sep 29 13:01:32 UTC 2026 fb check CHANGED (stable 21s)
Tue Sep 29 13:01:43 UTC 2026 fb check CHANGED (stable 32s)
Tue Sep 29 13:01:53 UTC 2026 fb check CHANGED (stable 0s)
Tue Sep 29 13:02:04 UTC 2026 fb check CHANGED (stable 0s)
Tue Sep 29 13:02:14 UTC 2026 fb check CHANGED (stable 0s)
Tue Sep 29 13:02:25 UTC 2026 fb check CHANGED (stable 11s)
Tue Sep 29 13:02:36 UTC 2026 fb check CHANGED (stable 22s)
Tue Sep 29 13:02:46 UTC 2026 fb check CHANGED (stable 32s)
Tue Sep 29 13:02:57 UTC 2026 fb check CHANGED (stable 43s)
Tue Sep 29 13:03:08 UTC 2026 fb check CHANGED (stable 0s)
Tue Sep 29 13:03:18 UTC 2026 fb check CHANGED (stable 10s)
Tue Sep 29 13:03:29 UTC 2026 fb check CHANGED (stable 21s)
Tue Sep 29 13:03:40 UTC 2026 fb check CHANGED (stable 32s)
Tue Sep 29 13:03:50 UTC 2026 fb check CHANGED (stable 42s)
Tue Sep 29 13:04:01 UTC 2026 fb check CHANGED (stable 0s)
Tue Sep 29 13:04:12 UTC 2026 fb check CHANGED (stable 10s)
Tue Sep 29 13:04:22 UTC 2026 fb check CHANGED (stable 21s)
Tue Sep 29 13:04:33 UTC 2026 fb check CHANGED (stable 32s)
Tue Sep 29 13:04:44 UTC 2026 fb check CHANGED (stable 42s)
Tue Sep 29 13:04:54 UTC 2026 fb check CHANGED (stable 0s)
Tue Sep 29 13:05:05 UTC 2026 fb check CHANGED (stable 0s)
Tue Sep 29 13:05:15 UTC 2026 fb check CHANGED (stable 10s)
Tue Sep 29 13:05:26 UTC 2026 fb check CHANGED (stable 21s)
Tue Sep 29 13:05:37 UTC 2026 fb check CHANGED (stable 0s)
Tue Sep 29 13:05:47 UTC 2026 fb check CHANGED (stable 10s)
Tue Sep 29 13:05:58 UTC 2026 fb check CHANGED (stable 21s)
Tue Sep 29 13:06:09 UTC 2026 fb check CHANGED (stable 0s)
Tue Sep 29 13:06:19 UTC 2026 fb check CHANGED (stable 11s)
Tue Sep 29 13:06:36 UTC 2026 dl ok
Tue Sep 29 13:06:36 UTC 2026 fb check CHANGED (stable 0s)
Tue Sep 29 13:06:46 UTC 2026 fb check CHANGED (stable 10s)
Tue Sep 29 13:06:57 UTC 2026 fb check CHANGED (stable 21s)
Tue Sep 29 13:07:08 UTC 2026 fb check CHANGED (stable 0s)
Tue Sep 29 13:07:18 UTC 2026 fb check CHANGED (stable 10s)
Tue Sep 29 13:07:29 UTC 2026 fb check CHANGED (stable 21s)
Tue Sep 29 13:07:40 UTC 2026 fb check CHANGED (stable 32s)
Tue Sep 29 13:07:50 UTC 2026 fb check CHANGED (stable 0s)
Tue Sep 29 13:08:01 UTC 2026 fb check CHANGED (stable 0s)
Tue Sep 29 13:08:11 UTC 2026 fb check CHANGED (stable 10s)
Tue Sep 29 13:08:22 UTC 2026 fb check CHANGED (stable 0s)
Tue Sep 29 13:08:33 UTC 2026 fb check CHANGED (stable 10s)
Tue Sep 29 13:08:43 UTC 2026 fb check CHANGED (stable 0s)
Tue Sep 29 13:08:54 UTC 2026 fb check CHANGED (stable 11s)
Tue Sep 29 13:09:04 UTC 2026 fb check CHANGED (stable 0s)
Tue Sep 29 13:09:15 UTC 2026 fb check CHANGED (stable 11s)
Tue Sep 29 13:09:26 UTC 2026 fb check CHANGED (stable 22s)
Tue Sep 29 13:09:36 UTC 2026 fb check CHANGED (stable 32s)
Tue Sep 29 13:09:47 UTC 2026 fb check CHANGED (stable 43s)
Tue Sep 29 13:09:58 UTC 2026 fb check CHANGED (stable 0s)
Tue Sep 29 13:10:08 UTC 2026 fb check CHANGED (stable 0s)
Tue Sep 29 13:10:19 UTC 2026 fb check CHANGED (stable 11s)
Tue Sep 29 13:10:30 UTC 2026 fb check CHANGED (stable 21s)
Tue Sep 29 13:10:40 UTC 2026 fb check CHANGED (stable 0s)
Tue Sep 29 13:10:51 UTC 2026 fb check CHANGED (stable 11s)
Tue Sep 29 13:11:01 UTC 2026 fb check CHANGED (stable 0s)
Tue Sep 29 13:11:12 UTC 2026 fb check CHANGED (stable 11s)
Tue Sep 29 13:11:23 UTC 2026 fb check CHANGED (stable 22s)
Tue Sep 29 13:11:33 UTC 2026 fb check CHANGED (stable 32s)
Tue Sep 29 13:11:44 UTC 2026 fb check CHANGED (stable 43s)
Tue Sep 29 13:12:20 UTC 2026 dl ok
Tue Sep 29 13:12:20 UTC 2026 fb check CHANGED (stable 0s)
Tue Sep 29 13:12:30 UTC 2026 fb check CHANGED (stable 10s)
Tue Sep 29 13:12:41 UTC 2026 fb check CHANGED (stable 21s)
Tue Sep 29 13:12:52 UTC 2026 fb check CHANGED (stable 32s)
Tue Sep 29 13:13:02 UTC 2026 fb check CHANGED (stable 0s)
Tue Sep 29 13:13:13 UTC 2026 fb check CHANGED (stable 11s)
Tue Sep 29 13:13:24 UTC 2026 fb check CHANGED (stable 22s)
Tue Sep 29 13:13:34 UTC 2026 fb check CHANGED (stable 32s)
Tue Sep 29 13:13:45 UTC 2026 fb check CHANGED (stable 43s)
Tue Sep 29 13:13:56 UTC 2026 fb check CHANGED (stable 54s)
Tue Sep 29 13:14:06 UTC 2026 fb check CHANGED (stable 0s)
Tue Sep 29 13:14:17 UTC 2026 fb check CHANGED (stable 0s)
Tue Sep 29 13:14:28 UTC 2026 fb check CHANGED (stable 10s)
Tue Sep 29 13:14:38 UTC 2026 fb check CHANGED (stable 21s)
Tue Sep 29 13:14:49 UTC 2026 fb check CHANGED (stable 32s)
Tue Sep 29 13:14:59 UTC 2026 fb check CHANGED (stable 0s)
Tue Sep 29 13:15:10 UTC 2026 fb check CHANGED (stable 0s)
Tue Sep 29 13:15:21 UTC 2026 fb check CHANGED (stable 0s)
Tue Sep 29 13:15:31 UTC 2026 fb check CHANGED (stable 10s)
Tue Sep 29 13:15:42 UTC 2026 fb check CHANGED (stable 21s)
Tue Sep 29 13:15:53 UTC 2026 fb check CHANGED (stable 31s)
Tue Sep 29 13:16:03 UTC 2026 fb check CHANGED (stable 0s)
Tue Sep 29 13:16:14 UTC 2026 fb check CHANGED (stable 11s)
Tue Sep 29 13:16:25 UTC 2026 fb check CHANGED (stable 21s)
Tue Sep 29 13:16:35 UTC 2026 fb check CHANGED (stable 32s)
Tue Sep 29 13:16:46 UTC 2026 fb check CHANGED (stable 43s)
Tue Sep 29 13:16:56 UTC 2026 fb check CHANGED (stable 0s)
Tue Sep 29 13:17:07 UTC 2026 fb check CHANGED (stable 0s)
Tue Sep 29 13:17:18 UTC 2026 fb check CHANGED (stable 0s)
Tue Sep 29 13:17:28 UTC 2026 fb check CHANGED (stable 10s)
Tue Sep 29 13:17:45 UTC 2026 dl ok
Tue Sep 29 13:17:45 UTC 2026 fb check CHANGED (stable 0s)
Tue Sep 29 13:17:56 UTC 2026 fb check CHANGED (stable 11s)
Tue Sep 29 13:18:06 UTC 2026 fb check CHANGED (stable 0s)
Tue Sep 29 13:18:17 UTC 2026 fb check CHANGED (stable 0s)
Tue Sep 29 13:18:28 UTC 2026 fb check CHANGED (stable 10s)
Tue Sep 29 13:18:38 UTC 2026 fb check CHANGED (stable 21s)
Tue Sep 29 13:18:49 UTC 2026 fb check CHANGED (stable 32s)
Tue Sep 29 13:19:00 UTC 2026 fb check CHANGED (stable 42s)
Tue Sep 29 13:19:10 UTC 2026 fb check CHANGED (stable 0s)
Tue Sep 29 13:19:21 UTC 2026 fb check CHANGED (stable 11s)
Tue Sep 29 13:19:32 UTC 2026 fb check CHANGED (stable 21s)
Tue Sep 29 13:19:42 UTC 2026 fb check CHANGED (stable 32s)
Tue Sep 29 13:19:53 UTC 2026 fb check CHANGED (stable 43s)
Tue Sep 29 13:20:04 UTC 2026 fb check CHANGED (stable 0s)
Tue Sep 29 13:20:14 UTC 2026 fb check CHANGED (stable 11s)
Tue Sep 29 13:20:25 UTC 2026 fb check CHANGED (stable 22s)
Tue Sep 29 13:20:36 UTC 2026 fb check CHANGED (stable 32s)
Tue Sep 29 13:20:46 UTC 2026 fb check CHANGED (stable 43s)
Tue Sep 29 13:20:57 UTC 2026 fb check CHANGED (stable 54s)
Tue Sep 29 13:21:07 UTC 2026 fb check CHANGED (stable 0s)
Tue Sep 29 13:21:18 UTC 2026 fb check CHANGED (stable 11s)
Tue Sep 29 13:21:29 UTC 2026 fb check CHANGED (stable 22s)
Tue Sep 29 13:21:39 UTC 2026 fb check CHANGED (stable 0s)
Tue Sep 29 13:21:50 UTC 2026 fb check CHANGED (stable 11s)
Tue Sep 29 13:22:01 UTC 2026 fb check CHANGED (stable 0s)
Tue Sep 29 13:22:11 UTC 2026 fb check CHANGED (stable 10s)
Tue Sep 29 13:22:22 UTC 2026 fb check CHANGED (stable 0s)
Tue Sep 29 13:22:32 UTC 2026 fb check CHANGED (stable 10s)
Tue Sep 29 13:22:43 UTC 2026 fb check CHANGED (stable 0s)
Tue Sep 29 13:22:54 UTC 2026 fb check CHANGED (stable 0s)
Tue Sep 29 13:23:10 UTC 2026 dl ok
Tue Sep 29 13:23:10 UTC 2026 fb check CHANGED (stable 0s)
Tue Sep 29 13:23:21 UTC 2026 fb check CHANGED (stable 0s)
Tue Sep 29 13:23:31 UTC 2026 fb check CHANGED (stable 10s)
Tue Sep 29 13:23:42 UTC 2026 fb check CHANGED (stable 0s)
Tue Sep 29 13:23:52 UTC 2026 fb check CHANGED (stable 10s)
Tue Sep 29 13:24:03 UTC 2026 fb check CHANGED (stable 0s)
Tue Sep 29 13:24:14 UTC 2026 fb check CHANGED (stable 0s)
Tue Sep 29 13:24:24 UTC 2026 fb check CHANGED (stable 10s)
Tue Sep 29 13:24:35 UTC 2026 fb check CHANGED (stable 21s)
Tue Sep 29 13:24:46 UTC 2026 fb check CHANGED (stable 31s)
Tue Sep 29 14:16:02 UTC 2026 fb check CHANGED (stable 0s)
Tue Sep 29 14:18:57 UTC 2026 fb check CHANGED (stable 0s)
Tue Sep 29 14:19:07 UTC 2026 fb check CHANGED (stable 0s)
Tue Sep 29 14:19:18 UTC 2026 fb check CHANGED (stable 11s)
Tue Sep 29 14:19:29 UTC 2026 fb check CHANGED (stable 22s)
Tue Sep 29 14:19:47 UTC 2026 dl ok
Tue Sep 29 14:19:47 UTC 2026 fb check CHANGED (stable 40s)
Tue Sep 29 14:19:47 UTC 2026 restore: overpaint stable 40s -> re-render
Tue Sep 29 14:19:48 UTC 2026 fb archive /mnt/us/kf_fb/base_1790691587.raw 3104512 bytes sha256=788828a9b3b6
Tue Sep 29 14:19:48 UTC 2026 restore render rc=0
Tue Sep 29 14:19:58 UTC 2026 fb check MATCH
Tue Sep 29 14:20:09 UTC 2026 fb archive /mnt/us/kf_fb/chg_1790691609.raw 3104512 bytes sha256=78d567359a0e
Tue Sep 29 14:20:09 UTC 2026 fb check CHANGED (stable 0s)
Tue Sep 29 14:20:20 UTC 2026 fb check CHANGED (stable 11s)
Tue Sep 29 14:20:31 UTC 2026 fb check CHANGED (stable 22s)
Tue Sep 29 14:20:41 UTC 2026 fb check CHANGED (stable 32s)
Tue Sep 29 14:20:41 UTC 2026 restore BLOCKED (cooldown 60s)
Tue Sep 29 14:20:52 UTC 2026 fb check CHANGED (stable 43s)
Tue Sep 29 14:20:52 UTC 2026 restore: overpaint stable 43s -> re-render
Tue Sep 29 14:20:53 UTC 2026 fb archive /mnt/us/kf_fb/base_1790691652.raw 3104512 bytes sha256=788828a9b3b6
Tue Sep 29 14:20:53 UTC 2026 restore render rc=0
Tue Sep 29 14:21:04 UTC 2026 fb archive /mnt/us/kf_fb/chg_1790691663.raw 3104512 bytes sha256=0f5a0097e2c2
Tue Sep 29 14:21:04 UTC 2026 fb check CHANGED (stable 0s)
Tue Sep 29 14:21:15 UTC 2026 fb check CHANGED (stable 11s)
Tue Sep 29 14:21:25 UTC 2026 fb check CHANGED (stable 22s)
Tue Sep 29 14:21:36 UTC 2026 fb check CHANGED (stable 33s)
Tue Sep 29 14:21:36 UTC 2026 restore BLOCKED (cooldown 60s)
Tue Sep 29 14:21:47 UTC 2026 fb check CHANGED (stable 43s)
Tue Sep 29 14:21:57 UTC 2026 fb check CHANGED (stable 54s)
Tue Sep 29 14:21:57 UTC 2026 restore: overpaint stable 54s -> re-render
Tue Sep 29 14:21:58 UTC 2026 fb archive /mnt/us/kf_fb/base_1790691717.raw 3104512 bytes sha256=788828a9b3b6
Tue Sep 29 14:21:58 UTC 2026 restore render rc=0
Tue Sep 29 14:22:09 UTC 2026 fb archive /mnt/us/kf_fb/chg_1790691729.raw 3104512 bytes sha256=49f87b5674ae
Tue Sep 29 14:22:09 UTC 2026 fb check CHANGED (stable 0s)
Tue Sep 29 14:22:20 UTC 2026 fb check CHANGED (stable 12s)
Tue Sep 29 14:22:30 UTC 2026 fb check CHANGED (stable 22s)
Tue Sep 29 14:22:41 UTC 2026 fb check CHANGED (stable 33s)
Tue Sep 29 14:22:41 UTC 2026 restore BLOCKED (cooldown 60s)
Tue Sep 29 14:22:52 UTC 2026 fb check CHANGED (stable 44s)
Tue Sep 29 14:23:02 UTC 2026 fb check CHANGED (stable 0s)
Tue Sep 29 14:23:13 UTC 2026 fb check CHANGED (stable 11s)
Tue Sep 29 14:23:24 UTC 2026 fb check CHANGED (stable 21s)
Tue Sep 29 14:23:34 UTC 2026 fb check CHANGED (stable 32s)
Tue Sep 29 14:23:45 UTC 2026 fb check CHANGED (stable 43s)
Tue Sep 29 14:23:56 UTC 2026 fb check CHANGED (stable 54s)
Tue Sep 29 14:24:06 UTC 2026 fb check CHANGED (stable 0s)
Tue Sep 29 14:24:17 UTC 2026 fb check CHANGED (stable 11s)
Tue Sep 29 14:24:28 UTC 2026 fb check CHANGED (stable 21s)
Tue Sep 29 14:24:38 UTC 2026 fb check CHANGED (stable 32s)
Tue Sep 29 14:24:49 UTC 2026 fb check CHANGED (stable 43s)
Tue Sep 29 14:25:00 UTC 2026 fb check CHANGED (stable 54s)
Tue Sep 29 14:25:17 UTC 2026 dl ok
Tue Sep 29 14:25:17 UTC 2026 fb check CHANGED (stable 0s)
Tue Sep 29 14:25:27 UTC 2026 fb check CHANGED (stable 10s)
Tue Sep 29 14:25:38 UTC 2026 fb check CHANGED (stable 0s)
Tue Sep 29 14:25:48 UTC 2026 fb check CHANGED (stable 10s)
Tue Sep 29 14:25:59 UTC 2026 fb check CHANGED (stable 21s)
Tue Sep 29 14:26:10 UTC 2026 fb check CHANGED (stable 0s)
Tue Sep 29 14:26:20 UTC 2026 fb check CHANGED (stable 10s)
Tue Sep 29 14:26:31 UTC 2026 fb check CHANGED (stable 21s)
Tue Sep 29 14:26:42 UTC 2026 fb check CHANGED (stable 32s)
Tue Sep 29 14:26:52 UTC 2026 fb check CHANGED (stable 42s)
Tue Sep 29 14:27:03 UTC 2026 fb check CHANGED (stable 0s)
Tue Sep 29 14:27:14 UTC 2026 fb check CHANGED (stable 10s)
Tue Sep 29 14:27:24 UTC 2026 fb check CHANGED (stable 21s)
Tue Sep 29 14:27:35 UTC 2026 fb check CHANGED (stable 32s)
Tue Sep 29 14:27:46 UTC 2026 fb check CHANGED (stable 42s)
Tue Sep 29 14:27:56 UTC 2026 fb check CHANGED (stable 53s)
Tue Sep 29 14:28:07 UTC 2026 fb check CHANGED (stable 0s)
Tue Sep 29 14:28:18 UTC 2026 fb check CHANGED (stable 10s)
Tue Sep 29 14:28:28 UTC 2026 fb check CHANGED (stable 21s)
Tue Sep 29 14:28:39 UTC 2026 fb check CHANGED (stable 0s)
Tue Sep 29 14:28:49 UTC 2026 fb check CHANGED (stable 10s)
Tue Sep 29 14:29:00 UTC 2026 fb check CHANGED (stable 0s)
Tue Sep 29 14:29:11 UTC 2026 fb check CHANGED (stable 10s)
Tue Sep 29 14:29:21 UTC 2026 fb check CHANGED (stable 21s)
Tue Sep 29 14:29:32 UTC 2026 fb check CHANGED (stable 32s)
Tue Sep 29 14:29:43 UTC 2026 fb check CHANGED (stable 42s)
Tue Sep 29 14:29:53 UTC 2026 fb check CHANGED (stable 53s)
Tue Sep 29 14:30:04 UTC 2026 fb check CHANGED (stable 0s)
Tue Sep 29 14:30:15 UTC 2026 fb check CHANGED (stable 11s)
Tue Sep 29 14:30:25 UTC 2026 fb check CHANGED (stable 21s)
Tue Sep 29 14:30:42 UTC 2026 dl ok
Tue Sep 29 14:30:42 UTC 2026 fb check CHANGED (stable 38s)
Tue Sep 29 14:30:53 UTC 2026 fb check CHANGED (stable 49s)
Tue Sep 29 14:31:03 UTC 2026 fb check CHANGED (stable 0s)
Tue Sep 29 14:31:14 UTC 2026 fb check CHANGED (stable 11s)
Tue Sep 29 14:31:25 UTC 2026 fb check CHANGED (stable 22s)
Tue Sep 29 14:31:36 UTC 2026 fb check CHANGED (stable 32s)
Tue Sep 29 14:31:46 UTC 2026 fb check CHANGED (stable 43s)
Tue Sep 29 14:31:57 UTC 2026 fb check CHANGED (stable 54s)
Tue Sep 29 14:32:07 UTC 2026 fb check CHANGED (stable 0s)
Tue Sep 29 14:32:18 UTC 2026 fb check CHANGED (stable 11s)
Tue Sep 29 14:32:29 UTC 2026 fb check CHANGED (stable 22s)
Tue Sep 29 14:32:39 UTC 2026 fb check CHANGED (stable 32s)
Tue Sep 29 14:32:50 UTC 2026 fb check CHANGED (stable 43s)
Tue Sep 29 14:33:01 UTC 2026 fb check CHANGED (stable 0s)
Tue Sep 29 14:33:11 UTC 2026 fb check CHANGED (stable 0s)
Tue Sep 29 14:33:22 UTC 2026 fb check CHANGED (stable 0s)
Tue Sep 29 14:33:32 UTC 2026 fb check CHANGED (stable 10s)
Tue Sep 29 14:33:43 UTC 2026 fb check CHANGED (stable 0s)
Tue Sep 29 14:33:54 UTC 2026 fb check CHANGED (stable 0s)
Tue Sep 29 14:34:04 UTC 2026 fb check CHANGED (stable 0s)
Tue Sep 29 14:34:15 UTC 2026 fb check CHANGED (stable 0s)
Tue Sep 29 14:34:25 UTC 2026 fb check CHANGED (stable 10s)
Tue Sep 29 14:34:36 UTC 2026 fb check CHANGED (stable 21s)
Tue Sep 29 14:34:47 UTC 2026 fb check CHANGED (stable 31s)
Tue Sep 29 14:34:57 UTC 2026 fb check CHANGED (stable 42s)
Tue Sep 29 14:35:08 UTC 2026 fb check CHANGED (stable 0s)
Tue Sep 29 14:35:18 UTC 2026 fb check CHANGED (stable 0s)
Tue Sep 29 14:35:29 UTC 2026 fb check CHANGED (stable 11s)
Tue Sep 29 14:35:40 UTC 2026 fb check CHANGED (stable 0s)
Tue Sep 29 14:35:50 UTC 2026 fb check CHANGED (stable 10s)
Tue Sep 29 14:36:10 UTC 2026 dl ok
Tue Sep 29 14:36:10 UTC 2026 fb check CHANGED (stable 0s)
Tue Sep 29 14:36:20 UTC 2026 fb check CHANGED (stable 10s)
Tue Sep 29 14:36:31 UTC 2026 fb check CHANGED (stable 21s)
Tue Sep 29 14:36:42 UTC 2026 fb check CHANGED (stable 31s)
Tue Sep 29 14:36:52 UTC 2026 fb check CHANGED (stable 42s)
Tue Sep 29 14:37:03 UTC 2026 fb check CHANGED (stable 0s)
Tue Sep 29 14:37:13 UTC 2026 fb check CHANGED (stable 0s)
Tue Sep 29 14:37:24 UTC 2026 fb check CHANGED (stable 11s)
Tue Sep 29 14:37:35 UTC 2026 fb check CHANGED (stable 21s)
Tue Sep 29 14:37:45 UTC 2026 fb check CHANGED (stable 32s)
Tue Sep 29 14:37:56 UTC 2026 fb check CHANGED (stable 43s)
Tue Sep 29 14:38:07 UTC 2026 fb check CHANGED (stable 0s)
Tue Sep 29 14:38:17 UTC 2026 fb check CHANGED (stable 10s)
Tue Sep 29 14:38:28 UTC 2026 fb check CHANGED (stable 21s)
Tue Sep 29 14:38:39 UTC 2026 fb check CHANGED (stable 31s)
Tue Sep 29 14:38:49 UTC 2026 fb check CHANGED (stable 42s)
Tue Sep 29 14:39:00 UTC 2026 fb check CHANGED (stable 0s)
Tue Sep 29 14:39:11 UTC 2026 fb check CHANGED (stable 10s)
Tue Sep 29 14:39:21 UTC 2026 fb check CHANGED (stable 21s)
Tue Sep 29 14:39:32 UTC 2026 fb check CHANGED (stable 32s)
Tue Sep 29 14:39:43 UTC 2026 fb check CHANGED (stable 42s)
Tue Sep 29 14:39:53 UTC 2026 fb check CHANGED (stable 53s)
Tue Sep 29 14:40:04 UTC 2026 fb check CHANGED (stable 0s)
Tue Sep 29 14:40:14 UTC 2026 fb check CHANGED (stable 10s)
Tue Sep 29 14:40:25 UTC 2026 fb check CHANGED (stable 21s)
Tue Sep 29 14:40:36 UTC 2026 fb check CHANGED (stable 0s)
Tue Sep 29 14:40:46 UTC 2026 fb check CHANGED (stable 10s)
Tue Sep 29 14:40:57 UTC 2026 fb check CHANGED (stable 21s)
Tue Sep 29 14:41:08 UTC 2026 fb check CHANGED (stable 0s)
Tue Sep 29 14:41:18 UTC 2026 fb check CHANGED (stable 11s)
Tue Sep 29 14:41:35 UTC 2026 dl ok
Tue Sep 29 14:41:35 UTC 2026 fb check CHANGED (stable 28s)
Tue Sep 29 14:41:46 UTC 2026 fb check CHANGED (stable 39s)
Tue Sep 29 14:41:57 UTC 2026 fb check CHANGED (stable 50s)
Tue Sep 29 14:42:07 UTC 2026 fb check CHANGED (stable 0s)
Tue Sep 29 14:42:18 UTC 2026 fb check CHANGED (stable 11s)
Tue Sep 29 14:42:29 UTC 2026 fb check CHANGED (stable 21s)
Tue Sep 29 14:42:39 UTC 2026 fb check CHANGED (stable 32s)
Tue Sep 29 14:42:50 UTC 2026 fb check CHANGED (stable 43s)
Tue Sep 29 14:43:01 UTC 2026 fb check CHANGED (stable 0s)
Tue Sep 29 14:43:11 UTC 2026 fb check CHANGED (stable 11s)
Tue Sep 29 14:43:22 UTC 2026 fb check CHANGED (stable 22s)
Tue Sep 29 14:43:33 UTC 2026 fb check CHANGED (stable 32s)
Tue Sep 29 14:43:43 UTC 2026 fb check CHANGED (stable 43s)
Tue Sep 29 14:43:54 UTC 2026 fb check CHANGED (stable 54s)
Tue Sep 29 14:44:04 UTC 2026 fb check CHANGED (stable 0s)
Tue Sep 29 14:44:15 UTC 2026 fb check CHANGED (stable 11s)
Tue Sep 29 14:44:26 UTC 2026 fb check CHANGED (stable 22s)
Tue Sep 29 14:44:36 UTC 2026 fb check CHANGED (stable 32s)
Tue Sep 29 14:44:47 UTC 2026 fb check CHANGED (stable 43s)
Tue Sep 29 14:44:58 UTC 2026 fb check CHANGED (stable 54s)
Tue Sep 29 14:45:08 UTC 2026 fb check CHANGED (stable 0s)
Tue Sep 29 14:45:19 UTC 2026 fb check CHANGED (stable 11s)
Tue Sep 29 14:45:30 UTC 2026 fb check CHANGED (stable 22s)
Tue Sep 29 14:45:40 UTC 2026 fb check CHANGED (stable 32s)
Tue Sep 29 14:45:51 UTC 2026 fb check CHANGED (stable 43s)
Tue Sep 29 14:46:02 UTC 2026 fb check CHANGED (stable 0s)
Tue Sep 29 14:46:12 UTC 2026 fb check CHANGED (stable 10s)
Tue Sep 29 14:46:23 UTC 2026 fb check CHANGED (stable 21s)
Tue Sep 29 14:46:34 UTC 2026 fb check CHANGED (stable 31s)
Tue Sep 29 14:46:44 UTC 2026 fb check CHANGED (stable 42s)
Tue Sep 29 14:47:01 UTC 2026 dl ok
Tue Sep 29 14:47:01 UTC 2026 fb check CHANGED (stable 0s)
Tue Sep 29 14:47:12 UTC 2026 fb check CHANGED (stable 11s)
Tue Sep 29 14:47:23 UTC 2026 fb check CHANGED (stable 22s)
Tue Sep 29 14:47:33 UTC 2026 fb check CHANGED (stable 32s)
Tue Sep 29 14:47:44 UTC 2026 fb check CHANGED (stable 43s)
Tue Sep 29 14:47:55 UTC 2026 fb check CHANGED (stable 54s)
Tue Sep 29 14:48:05 UTC 2026 fb check CHANGED (stable 0s)
Tue Sep 29 14:48:16 UTC 2026 fb check CHANGED (stable 11s)
Tue Sep 29 14:48:27 UTC 2026 fb check CHANGED (stable 21s)
Tue Sep 29 14:48:37 UTC 2026 fb check CHANGED (stable 32s)
Tue Sep 29 14:48:48 UTC 2026 fb check CHANGED (stable 43s)
Tue Sep 29 14:48:59 UTC 2026 fb check CHANGED (stable 53s)
Tue Sep 29 14:49:09 UTC 2026 fb check CHANGED (stable 0s)
Tue Sep 29 14:49:20 UTC 2026 fb check CHANGED (stable 11s)
Tue Sep 29 14:49:31 UTC 2026 fb check CHANGED (stable 21s)
Tue Sep 29 14:49:41 UTC 2026 fb check CHANGED (stable 32s)
Tue Sep 29 14:49:52 UTC 2026 fb check CHANGED (stable 43s)
Tue Sep 29 14:50:02 UTC 2026 fb check CHANGED (stable 0s)
Tue Sep 29 14:50:13 UTC 2026 fb check CHANGED (stable 11s)
Tue Sep 29 14:50:24 UTC 2026 fb check CHANGED (stable 22s)
Tue Sep 29 14:50:34 UTC 2026 fb check CHANGED (stable 32s)
Tue Sep 29 14:50:45 UTC 2026 fb check CHANGED (stable 43s)
Tue Sep 29 14:50:56 UTC 2026 fb check CHANGED (stable 0s)
Tue Sep 29 14:51:06 UTC 2026 fb check CHANGED (stable 0s)
Tue Sep 29 14:51:17 UTC 2026 fb check CHANGED (stable 0s)
Tue Sep 29 14:51:27 UTC 2026 fb check CHANGED (stable 0s)
Tue Sep 29 14:51:38 UTC 2026 fb check CHANGED (stable 0s)
Tue Sep 29 14:51:49 UTC 2026 fb check CHANGED (stable 10s)
Tue Sep 29 14:51:59 UTC 2026 fb check CHANGED (stable 21s)
Tue Sep 29 14:52:10 UTC 2026 fb check CHANGED (stable 0s)
Tue Sep 29 14:52:27 UTC 2026 dl ok
Tue Sep 29 14:52:27 UTC 2026 fb check CHANGED (stable 0s)
Tue Sep 29 14:52:37 UTC 2026 fb check CHANGED (stable 0s)
Tue Sep 29 14:52:48 UTC 2026 fb check CHANGED (stable 11s)
Tue Sep 29 14:52:59 UTC 2026 fb check CHANGED (stable 21s)
Tue Sep 29 14:53:09 UTC 2026 fb check CHANGED (stable 0s)
Tue Sep 29 14:53:20 UTC 2026 fb check CHANGED (stable 11s)
Tue Sep 29 14:53:30 UTC 2026 fb check CHANGED (stable 21s)
Tue Sep 29 14:53:41 UTC 2026 fb check CHANGED (stable 0s)
Tue Sep 29 14:53:53 UTC 2026 fb check CHANGED (stable 0s)
Tue Sep 29 14:54:03 UTC 2026 fb check CHANGED (stable 0s)
Tue Sep 29 14:55:32 UTC 2026 staged dash size 5243032
Tue Sep 29 14:55:32 UTC 2026 v9 start pid=5688
Tue Sep 29 14:55:32 UTC 2026 clock check 1790693732
Tue Sep 29 14:55:32 UTC 2026 boot: restored cache
Tue Sep 29 14:55:32 UTC 2026 boot render
Tue Sep 29 14:55:36 UTC 2026 fb archive /mnt/us/kf_fb/base_1790693734.raw 3104512 bytes sha256=788828a9b3b6
Tue Sep 29 14:55:36 UTC 2026 boot render rc=0
Tue Sep 29 14:55:38 UTC 2026 fb check MATCH
Tue Sep 29 14:55:49 UTC 2026 fb archive /mnt/us/kf_fb/chg_1790693749.raw 3104512 bytes sha256=b9363b21f1ae
Tue Sep 29 14:55:49 UTC 2026 fb check CHANGED (stable 0s)
Tue Sep 29 14:56:00 UTC 2026 boot window re-render @20s
Tue Sep 29 14:56:01 UTC 2026 fb archive /mnt/us/kf_fb/base_1790693760.raw 3104512 bytes sha256=788828a9b3b6
Tue Sep 29 14:56:01 UTC 2026 boot window render rc=0
Tue Sep 29 14:56:01 UTC 2026 fb archive /mnt/us/kf_fb/chg_1790693761.raw 3104512 bytes sha256=a49c2b22ea9d
Tue Sep 29 14:56:01 UTC 2026 fb check CHANGED (stable 0s)
Tue Sep 29 14:56:12 UTC 2026 fb check CHANGED (stable 11s)
Tue Sep 29 14:56:23 UTC 2026 fb check CHANGED (stable 21s)
Tue Sep 29 14:56:33 UTC 2026 fb check CHANGED (stable 32s)
Tue Sep 29 14:56:33 UTC 2026 restore: overpaint stable 32s -> re-render
Tue Sep 29 14:56:34 UTC 2026 fb archive /mnt/us/kf_fb/base_1790693793.raw 3104512 bytes sha256=788828a9b3b6
Tue Sep 29 14:56:34 UTC 2026 restore render rc=0
Tue Sep 29 14:56:45 UTC 2026 boot window re-render @60s
Tue Sep 29 14:56:45 UTC 2026 fb archive /mnt/us/kf_fb/base_1790693805.raw 3104512 bytes sha256=788828a9b3b6
Tue Sep 29 14:56:45 UTC 2026 boot window render rc=0
Tue Sep 29 14:56:46 UTC 2026 fb check MATCH
Tue Sep 29 14:56:56 UTC 2026 fb check MATCH
Tue Sep 29 14:57:07 UTC 2026 fb archive /mnt/us/kf_fb/chg_1790693827.raw 3104512 bytes sha256=25809a7dd416
Tue Sep 29 14:57:07 UTC 2026 fb check CHANGED (stable 0s)
Tue Sep 29 14:57:18 UTC 2026 fb check CHANGED (stable 11s)
Tue Sep 29 14:57:29 UTC 2026 fb check CHANGED (stable 22s)
Tue Sep 29 14:57:39 UTC 2026 fb check CHANGED (stable 32s)
Tue Sep 29 14:57:39 UTC 2026 restore: overpaint stable 32s -> re-render
Tue Sep 29 14:57:40 UTC 2026 fb archive /mnt/us/kf_fb/base_1790693860.raw 3104512 bytes sha256=788828a9b3b6
Tue Sep 29 14:57:40 UTC 2026 restore render rc=0
Tue Sep 29 14:57:51 UTC 2026 fb check MATCH
Tue Sep 29 14:58:02 UTC 2026 fb archive /mnt/us/kf_fb/chg_1790693881.raw 3104512 bytes sha256=768cb9f63c41
Tue Sep 29 14:58:02 UTC 2026 fb check CHANGED (stable 0s)
Tue Sep 29 14:58:12 UTC 2026 boot window re-render @150s
Tue Sep 29 14:58:13 UTC 2026 fb archive /mnt/us/kf_fb/base_1790693893.raw 3104512 bytes sha256=788828a9b3b6
Tue Sep 29 14:58:13 UTC 2026 boot window render rc=0
Tue Sep 29 14:58:13 UTC 2026 fb check MATCH
Tue Sep 29 14:58:24 UTC 2026 fb check MATCH
Tue Sep 29 14:58:35 UTC 2026 fb check MATCH
Tue Sep 29 14:58:46 UTC 2026 fb check MATCH
Tue Sep 29 14:58:56 UTC 2026 fb check MATCH
Tue Sep 29 14:59:07 UTC 2026 fb archive /mnt/us/kf_fb/chg_1790693947.raw 3104512 bytes sha256=617e9f1823ba
Tue Sep 29 14:59:07 UTC 2026 fb check CHANGED (stable 0s)
Tue Sep 29 14:59:18 UTC 2026 fb check CHANGED (stable 11s)
Tue Sep 29 14:59:29 UTC 2026 fb check CHANGED (stable 22s)
Tue Sep 29 14:59:39 UTC 2026 fb check CHANGED (stable 32s)
Tue Sep 29 14:59:39 UTC 2026 restore: overpaint stable 32s -> re-render
Tue Sep 29 14:59:40 UTC 2026 fb archive /mnt/us/kf_fb/base_1790693980.raw 3104512 bytes sha256=788828a9b3b6
Tue Sep 29 14:59:40 UTC 2026 restore render rc=0
Tue Sep 29 14:59:51 UTC 2026 fb check MATCH
Tue Sep 29 15:00:02 UTC 2026 fb archive /mnt/us/kf_fb/chg_1790694001.raw 3104512 bytes sha256=16112075c221
Tue Sep 29 15:00:02 UTC 2026 fb check CHANGED (stable 0s)
Tue Sep 29 15:00:13 UTC 2026 fb check CHANGED (stable 11s)
Tue Sep 29 15:00:23 UTC 2026 fb check CHANGED (stable 22s)
Tue Sep 29 15:00:34 UTC 2026 fb check CHANGED (stable 33s)
Tue Sep 29 15:00:34 UTC 2026 restore BLOCKED (cooldown 60s)
Tue Sep 29 15:00:44 UTC 2026 boot window re-render @300s
Tue Sep 29 15:00:45 UTC 2026 fb archive /mnt/us/kf_fb/base_1790694045.raw 3104512 bytes sha256=788828a9b3b6
Tue Sep 29 15:00:45 UTC 2026 boot window render rc=0
Tue Sep 29 15:00:45 UTC 2026 fb check MATCH
Tue Sep 29 15:01:02 UTC 2026 dl ok
Tue Sep 29 15:01:03 UTC 2026 fb archive /mnt/us/kf_fb/chg_1790694062.raw 3104512 bytes sha256=1a5486140b53
Tue Sep 29 15:01:03 UTC 2026 fb check CHANGED (stable 0s)
Tue Sep 29 15:01:13 UTC 2026 fb check CHANGED (stable 0s)
Tue Sep 29 15:01:24 UTC 2026 fb check CHANGED (stable 11s)
Tue Sep 29 15:01:34 UTC 2026 fb check CHANGED (stable 21s)
Tue Sep 29 15:01:45 UTC 2026 fb check CHANGED (stable 32s)
Tue Sep 29 15:01:45 UTC 2026 restore BLOCKED (rate limit 3/h)
Tue Sep 29 15:01:56 UTC 2026 fb check CHANGED (stable 43s)
Tue Sep 29 15:02:06 UTC 2026 fb check CHANGED (stable 0s)
Tue Sep 29 15:02:17 UTC 2026 fb check CHANGED (stable 11s)
Tue Sep 29 15:02:28 UTC 2026 fb check CHANGED (stable 22s)
Tue Sep 29 15:02:38 UTC 2026 fb check CHANGED (stable 32s)
Tue Sep 29 15:02:49 UTC 2026 fb check CHANGED (stable 43s)
Tue Sep 29 15:03:00 UTC 2026 fb check CHANGED (stable 54s)
Tue Sep 29 15:03:10 UTC 2026 fb check CHANGED (stable 0s)
Tue Sep 29 15:03:21 UTC 2026 fb check CHANGED (stable 11s)
Tue Sep 29 15:03:32 UTC 2026 fb check CHANGED (stable 21s)
Tue Sep 29 15:03:42 UTC 2026 fb check CHANGED (stable 32s)
Tue Sep 29 15:03:53 UTC 2026 fb check CHANGED (stable 43s)
Tue Sep 29 15:04:04 UTC 2026 fb check CHANGED (stable 0s)
Tue Sep 29 15:04:14 UTC 2026 fb check CHANGED (stable 10s)
Tue Sep 29 15:04:25 UTC 2026 fb check CHANGED (stable 21s)
Tue Sep 29 16:08:01 UTC 2026 staged dash size 
Tue Sep 29 16:08:02 UTC 2026 fb check CHANGED (stable 0s)
Tue Sep 29 16:08:12 UTC 2026 fb check CHANGED (stable 0s)
Tue Sep 29 16:08:23 UTC 2026 fb check CHANGED (stable 11s)
Tue Sep 29 16:08:34 UTC 2026 fb check CHANGED (stable 21s)
Tue Sep 29 16:08:44 UTC 2026 fb check CHANGED (stable 32s)
Tue Sep 29 16:08:44 UTC 2026 restore: overpaint stable 32s -> re-render
Tue Sep 29 16:08:45 UTC 2026 fb archive /mnt/us/kf_fb/base_1790698124.raw 3104512 bytes sha256=788828a9b3b6
Tue Sep 29 16:08:45 UTC 2026 restore render rc=0
Tue Sep 29 16:08:56 UTC 2026 fb check MATCH
Tue Sep 29 16:09:07 UTC 2026 fb archive /mnt/us/kf_fb/chg_1790698146.raw 3104512 bytes sha256=e4b594ae8739
Tue Sep 29 16:09:07 UTC 2026 fb check CHANGED (stable 0s)
Tue Sep 29 16:09:17 UTC 2026 fb check CHANGED (stable 11s)
Tue Sep 29 16:09:28 UTC 2026 fb check CHANGED (stable 22s)
Tue Sep 29 16:09:39 UTC 2026 fb check CHANGED (stable 33s)
Tue Sep 29 16:09:39 UTC 2026 restore BLOCKED (cooldown 60s)
Tue Sep 29 16:09:49 UTC 2026 fb check CHANGED (stable 43s)
Tue Sep 29 16:09:49 UTC 2026 restore: overpaint stable 43s -> re-render
Tue Sep 29 16:09:50 UTC 2026 fb archive /mnt/us/kf_fb/base_1790698190.raw 3104512 bytes sha256=788828a9b3b6
Tue Sep 29 16:09:50 UTC 2026 restore render rc=0
Tue Sep 29 16:10:01 UTC 2026 fb archive /mnt/us/kf_fb/chg_1790698201.raw 3104512 bytes sha256=69c1e1ea98d5
Tue Sep 29 16:10:01 UTC 2026 fb check CHANGED (stable 0s)
Tue Sep 29 16:10:12 UTC 2026 fb check CHANGED (stable 11s)
Tue Sep 29 16:10:22 UTC 2026 fb check CHANGED (stable 21s)
Tue Sep 29 16:10:33 UTC 2026 fb check CHANGED (stable 32s)
Tue Sep 29 16:10:33 UTC 2026 restore BLOCKED (cooldown 60s)
Tue Sep 29 16:10:44 UTC 2026 fb check CHANGED (stable 43s)
Tue Sep 29 16:10:55 UTC 2026 fb check CHANGED (stable 53s)
Tue Sep 29 16:10:55 UTC 2026 restore: overpaint stable 53s -> re-render
Tue Sep 29 16:10:55 UTC 2026 fb archive /mnt/us/kf_fb/base_1790698255.raw 3104512 bytes sha256=788828a9b3b6
Tue Sep 29 16:10:55 UTC 2026 restore render rc=0
Tue Sep 29 16:11:06 UTC 2026 fb archive /mnt/us/kf_fb/chg_1790698266.raw 3104512 bytes sha256=4a242a7fa7fc
Tue Sep 29 16:11:06 UTC 2026 fb check CHANGED (stable 0s)
Tue Sep 29 16:11:17 UTC 2026 fb check CHANGED (stable 11s)
Tue Sep 29 16:11:28 UTC 2026 fb check CHANGED (stable 21s)
Tue Sep 29 16:11:38 UTC 2026 fb check CHANGED (stable 32s)
Tue Sep 29 16:11:38 UTC 2026 restore BLOCKED (cooldown 60s)
Tue Sep 29 16:11:49 UTC 2026 fb check CHANGED (stable 43s)
Tue Sep 29 16:12:00 UTC 2026 fb check CHANGED (stable 54s)
Tue Sep 29 16:12:10 UTC 2026 fb check CHANGED (stable 0s)
Tue Sep 29 16:12:21 UTC 2026 fb check CHANGED (stable 11s)
Tue Sep 29 16:12:32 UTC 2026 fb check CHANGED (stable 21s)
Tue Sep 29 16:12:42 UTC 2026 fb check CHANGED (stable 32s)
Tue Sep 29 16:12:53 UTC 2026 fb check CHANGED (stable 43s)
Tue Sep 29 16:13:03 UTC 2026 fb check CHANGED (stable 0s)
Tue Sep 29 16:13:20 UTC 2026 dl ok
Tue Sep 29 16:13:20 UTC 2026 image changed, render
Tue Sep 29 16:13:21 UTC 2026 fb archive /mnt/us/kf_fb/base_1790698400.raw 3104512 bytes sha256=e0e0ef315243
Tue Sep 29 16:13:21 UTC 2026 render rc=0
Tue Sep 29 16:13:21 UTC 2026 fb check MATCH
Tue Sep 29 16:13:32 UTC 2026 fb check MATCH
Tue Sep 29 16:13:42 UTC 2026 fb check MATCH
Tue Sep 29 16:13:53 UTC 2026 fb check MATCH
Tue Sep 29 16:14:04 UTC 2026 fb archive /mnt/us/kf_fb/chg_1790698444.raw 3104512 bytes sha256=f33fdec95257
Tue Sep 29 16:14:04 UTC 2026 fb check CHANGED (stable 0s)
Tue Sep 29 16:14:15 UTC 2026 fb check CHANGED (stable 11s)
Tue Sep 29 16:14:25 UTC 2026 fb check CHANGED (stable 21s)
Tue Sep 29 16:14:36 UTC 2026 fb check CHANGED (stable 32s)
Tue Sep 29 16:14:36 UTC 2026 restore BLOCKED (rate limit 3/h)
Tue Sep 29 16:14:47 UTC 2026 fb check CHANGED (stable 43s)
Tue Sep 29 16:14:57 UTC 2026 fb check CHANGED (stable 53s)
Tue Sep 29 16:15:08 UTC 2026 fb check CHANGED (stable 0s)
Tue Sep 29 16:15:19 UTC 2026 fb check CHANGED (stable 11s)
Tue Sep 29 16:15:29 UTC 2026 fb check CHANGED (stable 21s)
Tue Sep 29 16:15:40 UTC 2026 fb check CHANGED (stable 32s)
Tue Sep 29 16:15:51 UTC 2026 fb check CHANGED (stable 43s)
Tue Sep 29 16:16:01 UTC 2026 fb check CHANGED (stable 0s)
Tue Sep 29 16:16:12 UTC 2026 fb check CHANGED (stable 11s)
Tue Sep 29 16:16:23 UTC 2026 fb check CHANGED (stable 21s)
Tue Sep 29 16:16:33 UTC 2026 fb check CHANGED (stable 32s)
Tue Sep 29 16:16:44 UTC 2026 fb check CHANGED (stable 43s)
Tue Sep 29 16:16:55 UTC 2026 fb check CHANGED (stable 53s)
Tue Sep 29 16:17:05 UTC 2026 fb check CHANGED (stable 0s)
Tue Sep 29 16:17:16 UTC 2026 fb check CHANGED (stable 11s)
Tue Sep 29 16:17:27 UTC 2026 fb check CHANGED (stable 21s)
Tue Sep 29 16:17:37 UTC 2026 fb check CHANGED (stable 32s)
Tue Sep 29 16:17:48 UTC 2026 fb check CHANGED (stable 43s)
Tue Sep 29 16:17:59 UTC 2026 fb check CHANGED (stable 53s)
Tue Sep 29 16:18:09 UTC 2026 fb check CHANGED (stable 0s)
